ctime,schemaname,relname,seq_scan,seq_tup_read,idx_scan,idx_tup_fetch,n_tup_ins,n_tup_upd,n_tup_del,n_tup_hot_upd,n_live_tup,n_dead_tup,heap_blks_read,heap_blks_hit,idx_blks_read,idx_blks_hit,toast_blks_read,toast_blks_hit,tidx_blks_read,tidx_blks_hit
1416380633.44499,pg_catalog,pg_attrdef,0,0,0,0,0,0,0,0,0,0,0,0,0,0,0,0,0,0
1416380633.44499,pg_catalog,pg_db_role_setting,0,0,69900,0,0,0,0,0,0,0,0,0,218,69682,0,0,0,0
1416380633.44499,pg_catalog,pg_rowsecurity,0,0,0,0,0,0,0,0,0,0,0,0,0,0,,,,
1416380633.44499,pg_catalog,pg_description,0,0,2284,0,0,0,0,0,0,0,0,0,612,4477,0,0,0,0
1416380633.44499,pg_catalog,pg_foreign_data_wrapper,0,0,0,0,0,0,0,0,0,0,0,0,0,0,,,,
1416380633.44499,pg_catalog,pg_conversion,0,0,0,0,0,0,0,0,0,0,0,0,0,0,,,,
1416380633.44499,public,customer,0,0,,,0,0,0,0,0,0,0,0,,,,,,
1416380633.44499,pg_catalog,pg_class,4922,1041746,404905,368051,864,294,892,285,309,140,5337,419411,3778,847220,,,,
1416380633.44499,public,partsupp,0,0,,,0,0,0,0,0,0,0,0,,,,,,
1416380633.44499,pg_catalog,pg_opfamily,0,0,0,0,0,0,0,0,0,0,0,0,0,0,,,,
1416380633.44499,pg_catalog,pg_auth_members,0,0,0,0,0,0,0,0,0,0,0,0,0,0,,,,
1416380633.44499,pg_catalog,pg_operator,0,0,130596,690605,0,0,0,0,0,0,3694,477194,3226,282829,,,,
1416380633.44499,pg_toast,pg_toast_12345,0,0,0,0,0,0,0,0,0,0,0,0,0,0,,,,
1416380633.44499,pg_catalog,pg_attribute,1353,9225,336056,761516,3144,70,3188,70,2470,678,13038,371297,3093,701804,,,,
1416380633.44499,pg_catalog,pg_tablespace,0,0,11945,11945,0,0,0,0,0,0,352,11593,725,23207,,,,
1416380633.44499,pg_catalog,pg_statistic,0,0,94650,91611,609,1981,675,1860,401,190,9546,87864,1090,201912,23071,92788,975,98909
1416380633.44499,public,part,0,0,,,0,0,0,0,0,0,0,0,,,,,,
1416380633.44499,pg_catalog,pg_aggregate,0,0,9114,9114,0,0,0,0,0,0,677,8437,1533,14340,,,,
1416380633.44499,pg_catalog,pg_inherits,0,0,521,0,0,0,0,0,0,0,0,0,212,309,,,,
1416380633.44499,pg_catalog,pg_enum,0,0,0,0,0,0,0,0,0,0,0,0,0,0,,,,
1416380633.44499,pg_toast,pg_toast_2396,0,0,0,0,0,0,0,0,0,0,0,0,0,0,,,,
1416380633.44499,pg_catalog,pg_pltemplate,0,0,0,0,0,0,0,0,0,0,0,0,0,0,,,,
1416380633.44499,pg_toast,pg_toast_2618,0,0,1494,4772,0,0,0,0,0,0,886,942,268,2140,,,,
1416380633.44499,pg_toast,pg_toast_3596,0,0,0,0,0,0,0,0,0,0,0,0,0,0,,,,
1416380633.44499,pg_toast,pg_toast_2606,0,0,0,0,0,0,0,0,0,0,0,0,0,0,,,,
1416380633.44499,pg_toast,pg_toast_2964,0,0,0,0,0,0,0,0,0,0,0,0,0,0,,,,
1416380633.44499,pg_toast,pg_toast_12330,0,0,0,0,0,0,0,0,0,0,0,0,0,0,,,,
1416380633.44499,pg_catalog,pg_database,1209,4656,56638,56638,0,0,0,0,0,0,168,57679,977,90581,,,,
1416380633.44499,public,lineitem,0,0,,,0,0,0,0,0,0,0,0,,,,,,
1416380633.44499,information_schema,sql_sizing_profiles,0,0,,,0,0,0,0,0,0,0,0,,,0,0,0,0
1416380633.44499,public,supplier,0,0,,,0,0,0,0,0,0,0,0,,,,,,
1416380633.44499,pg_toast,pg_toast_2620,0,0,0,0,0,0,0,0,0,0,0,0,0,0,,,,
1416380633.44499,pg_catalog,pg_depend,0,0,21395,23024,3893,0,3954,0,6624,1321,3863,27411,5379,55327,,,,
1416380633.44499,public,nation,0,0,,,0,0,0,0,0,0,0,0,,,,,,
1416380633.44499,pg_catalog,pg_language,0,0,0,0,0,0,0,0,0,0,0,0,0,0,,,,
1416380633.44499,pg_toast,pg_toast_12320,0,0,0,0,0,0,0,0,0,0,0,0,0,0,,,,
1416380633.44499,pg_catalog,pg_amproc,246,492,74075,116711,0,0,0,0,0,0,353,72807,682,164515,,,,
1416380633.44499,pg_catalog,pg_collation,0,0,0,0,0,0,0,0,0,0,0,0,0,0,,,,
1416380633.44499,pg_catalog,pg_range,0,0,4123,0,0,0,0,0,0,0,0,0,1594,6652,,,,
1416380633.44499,pg_toast,pg_toast_2609,0,0,0,0,0,0,0,0,0,0,0,0,0,0,,,,
1416380633.44499,pg_catalog,pg_opclass,246,246,102079,1143989,0,0,0,0,0,0,829,454880,1661,124458,,,,
1416380633.44499,information_schema,sql_packages,0,0,,,0,0,0,0,0,0,0,0,,,0,0,0,0
1416380633.44499,pg_catalog,pg_rewrite,0,0,3838,2956,294,0,294,0,110,35,1949,3478,923,5623,886,942,536,4280
1416380633.44499,pg_toast,pg_toast_1255,0,0,0,0,0,0,0,0,0,0,0,0,0,0,,,,
1416380633.44499,pg_catalog,pg_seclabel,0,0,2284,0,0,0,0,0,0,0,0,0,200,2084,0,0,0,0
1416380633.44499,pg_toast,pg_toast_12335,0,0,0,0,0,0,0,0,0,0,0,0,0,0,,,,
1416380633.44499,pg_catalog,pg_ts_parser,0,0,0,0,0,0,0,0,0,0,0,0,0,0,,,,
1416380633.44499,pg_catalog,pg_trigger,0,0,0,0,0,0,0,0,0,0,0,0,0,0,0,0,0,0
1416380633.44499,public,region,0,0,,,0,0,0,0,0,0,0,0,,,,,,
1416380633.44499,pg_toast,pg_toast_12340,0,0,0,0,0,0,0,0,0,0,0,0,0,0,,,,
1416380633.44499,pg_catalog,pg_shseclabel,0,0,0,0,0,0,0,0,0,0,0,0,0,0,,,,
1416380633.44499,pg_catalog,pg_event_trigger,0,0,797,0,0,0,0,0,0,0,0,0,236,561,,,,
1416380633.44499,information_schema,sql_features,0,0,,,0,0,0,0,0,0,0,0,,,0,0,0,0
1416380633.44499,public,orders,0,0,,,0,0,0,0,0,0,0,0,,,,,,
1416380633.44499,information_schema,sql_languages,0,0,,,0,0,0,0,0,0,0,0,,,0,0,0,0
1416380633.44499,pg_catalog,pg_foreign_table,0,0,0,0,0,0,0,0,0,0,0,0,0,0,,,,
1416380633.44499,pg_catalog,pg_extension,0,0,0,0,0,0,0,0,0,0,0,0,0,0,,,,
1416380633.44499,pg_catalog,pg_ts_config,0,0,0,0,0,0,0,0,0,0,0,0,0,0,,,,
1416380633.44499,pg_catalog,pg_shdescription,0,0,0,0,0,0,0,0,0,0,0,0,0,0,0,0,0,0
1416380633.44499,public,time_statistics,0,0,,,1,0,0,0,1,0,1,0,,,,,,
1416380633.44499,pg_catalog,pg_cast,0,0,567709,134219,0,0,0,0,0,0,780,133439,479,583352,,,,
1416380633.44499,pg_catalog,pg_amop,0,0,151763,221562,0,0,0,0,0,0,1152,220410,2514,320779,,,,
1416380633.44499,pg_catalog,pg_user_mapping,0,0,0,0,0,0,0,0,0,0,0,0,0,0,,,,
1416380633.44499,pg_toast,pg_toast_12315,0,0,0,0,0,0,0,0,0,0,0,0,0,0,,,,
1416380633.44499,pg_catalog,pg_type,0,0,401555,397627,1034,0,1034,0,360,37,2636,399569,3908,825022,,,,
1416380633.44499,pg_catalog,pg_largeobject,0,0,0,0,0,0,0,0,0,0,0,0,0,0,,,,
1416380633.44499,information_schema,sql_parts,0,0,,,0,0,0,0,0,0,0,0,,,0,0,0,0
1416380633.44499,pg_catalog,pg_ts_config_map,0,0,0,0,0,0,0,0,0,0,0,0,0,0,,,,
1416380633.44499,pg_catalog,pg_largeobject_metadata,0,0,0,0,0,0,0,0,0,0,0,0,0,0,,,,
1416380633.44499,pg_catalog,pg_am,17390,17390,0,0,0,0,0,0,0,0,255,17135,0,0,,,,
1416380633.44499,pg_catalog,pg_ts_template,0,0,0,0,0,0,0,0,0,0,0,0,0,0,,,,
1416380633.44499,pg_catalog,pg_foreign_server,0,0,0,0,0,0,0,0,0,0,0,0,0,0,,,,
1416380633.44499,pg_catalog,pg_namespace,624,52592,87675,71110,2,0,0,0,2,0,381,71980,1124,104272,,,,
1416380633.44499,pg_toast,pg_toast_2619,0,0,71668,239418,2294,0,2296,0,21,262,23071,92788,975,98909,,,,
1416380633.44499,pg_catalog,pg_authid,350,350,33284,33284,0,0,0,0,0,0,218,33416,1004,65564,,,,
1416380633.44499,pg_catalog,pg_default_acl,0,0,2084,0,0,0,0,0,0,0,0,0,219,1865,,,,
1416380633.44499,pg_catalog,pg_shdepend,0,0,2732,513,0,0,0,0,0,0,235,278,880,2874,,,,
1416380633.44499,pg_catalog,pg_constraint,0,0,120,64,56,0,64,0,2,24,32,332,58,578,0,0,0,0
1416380633.44499,information_schema,sql_implementation_info,0,0,,,0,0,0,0,0,0,0,0,,,0,0,0,0
1416380633.44499,pg_catalog,pg_index,2287,201546,189011,268404,343,0,371,0,115,63,2317,270013,1260,216032,,,,
1416380633.44499,pg_catalog,pg_ts_dict,0,0,0,0,0,0,0,0,0,0,0,0,0,0,,,,
1416380633.44499,pg_toast,pg_toast_2604,0,0,0,0,0,0,0,0,0,0,0,0,0,0,,,,
1416380633.44499,pg_toast,pg_toast_12325,0,0,0,0,0,0,0,0,0,0,0,0,0,0,,,,
1416380633.44499,information_schema,sql_sizing,0,0,,,0,0,0,0,0,0,0,0,,,0,0,0,0
1416380633.44499,pg_catalog,pg_proc,0,0,147480,218600,0,0,0,0,0,0,12803,145843,6274,320627,0,0,0,0
1416380693.44705,pg_catalog,pg_attrdef,0,0,0,0,0,0,0,0,0,0,0,0,0,0,0,0,0,0
1416380693.44705,pg_catalog,pg_db_role_setting,0,0,70160,0,0,0,0,0,0,0,0,0,219,69941,0,0,0,0
1416380693.44705,pg_catalog,pg_rowsecurity,0,0,0,0,0,0,0,0,0,0,0,0,0,0,,,,
1416380693.44705,pg_catalog,pg_description,0,0,2284,0,0,0,0,0,0,0,0,0,612,4477,0,0,0,0
1416380693.44705,pg_catalog,pg_foreign_data_wrapper,0,0,0,0,0,0,0,0,0,0,0,0,0,0,,,,
1416380693.44705,pg_catalog,pg_conversion,0,0,0,0,0,0,0,0,0,0,0,0,0,0,,,,
1416380693.44705,public,customer,6,9000000,0,0,1500000,0,0,0,1500000,0,68533,294857,0,0,,,,
1416380693.44705,pg_catalog,pg_class,4955,1044612,405858,368940,881,294,892,285,326,0,5338,420691,3780,849334,,,,
1416380693.44705,public,partsupp,3,24000000,0,0,8000000,0,0,0,8000000,0,340611,954509,0,0,,,,
1416380693.44705,pg_catalog,pg_opfamily,0,0,0,0,0,0,0,0,0,0,0,0,0,0,,,,
1416380693.44705,pg_catalog,pg_auth_members,0,0,0,0,0,0,0,0,0,0,0,0,0,0,,,,
1416380693.44705,pg_catalog,pg_operator,0,0,130654,690719,0,0,0,0,0,0,3706,477277,3227,282964,,,,
1416380693.44705,pg_toast,pg_toast_12345,0,0,0,0,0,0,0,0,0,0,0,0,0,0,,,,
1416380693.44705,pg_catalog,pg_attribute,1375,9375,336838,763613,3169,77,3188,77,2495,7,13063,372632,3114,703570,,,,
1416380693.44705,pg_catalog,pg_tablespace,0,0,11952,11952,0,0,0,0,0,0,353,11599,728,23220,,,,
1416380693.44705,pg_catalog,pg_statistic,0,0,94783,91700,647,2051,675,1930,439,70,9583,88179,1090,202270,23103,93356,976,99333
1416380693.44705,public,part,6,12000000,0,0,2000000,0,0,0,2000000,0,79007,327715,0,0,,,,
1416380693.44705,pg_catalog,pg_aggregate,0,0,9115,9115,0,0,0,0,0,0,678,8437,1535,14340,,,,
1416380693.44705,pg_catalog,pg_inherits,0,0,521,0,0,0,0,0,0,0,0,0,212,309,,,,
1416380693.44705,pg_catalog,pg_enum,0,0,0,0,0,0,0,0,0,0,0,0,0,0,,,,
1416380693.44705,pg_toast,pg_toast_2396,0,0,0,0,0,0,0,0,0,0,0,0,0,0,,,,
1416380693.44705,pg_catalog,pg_pltemplate,0,0,0,0,0,0,0,0,0,0,0,0,0,0,,,,
1416380693.44705,pg_toast,pg_toast_2618,0,0,1499,4788,0,0,0,0,0,0,891,943,268,2148,,,,
1416380693.44705,pg_toast,pg_toast_3596,0,0,0,0,0,0,0,0,0,0,0,0,0,0,,,,
1416380693.44705,pg_toast,pg_toast_2606,0,0,0,0,0,0,0,0,0,0,0,0,0,0,,,,
1416380693.44705,pg_toast,pg_toast_2964,0,0,0,0,0,0,0,0,0,0,0,0,0,0,,,,
1416380693.44705,pg_toast,pg_toast_12330,0,0,0,0,0,0,0,0,0,0,0,0,0,0,,,,
1416380693.44705,pg_catalog,pg_database,1213,4666,56847,56847,0,0,0,0,0,0,168,57892,981,90915,,,,
1416380693.44705,public,lineitem,0,0,,,0,0,0,0,0,0,0,0,,,,,,
1416380693.44705,information_schema,sql_sizing_profiles,0,0,,,0,0,0,0,0,0,0,0,,,0,0,0,0
1416380693.44705,public,supplier,4,400000,0,0,100000,0,0,0,100000,0,2312,15648,0,0,,,,
1416380693.44705,pg_toast,pg_toast_2620,0,0,0,0,0,0,0,0,0,0,0,0,0,0,,,,
1416380693.44705,pg_catalog,pg_depend,0,0,21465,23088,3927,0,3954,0,6658,1321,3869,27556,5388,55635,,,,
1416380693.44705,public,nation,2,50,0,0,25,0,0,0,25,0,1,3,0,0,,,,
1416380693.44705,pg_catalog,pg_language,0,0,0,0,0,0,0,0,0,0,0,0,0,0,,,,
1416380693.44705,pg_toast,pg_toast_12320,0,0,0,0,0,0,0,0,0,0,0,0,0,0,,,,
1416380693.44705,pg_catalog,pg_amproc,250,500,74219,116926,0,0,0,0,0,0,353,72954,682,164839,,,,
1416380693.44705,pg_catalog,pg_collation,0,0,0,0,0,0,0,0,0,0,0,0,0,0,,,,
1416380693.44705,pg_catalog,pg_range,0,0,4123,0,0,0,0,0,0,0,0,0,1594,6652,,,,
1416380693.44705,pg_toast,pg_toast_2609,0,0,0,0,0,0,0,0,0,0,0,0,0,0,,,,
1416380693.44705,pg_catalog,pg_opclass,250,250,102305,1147372,0,0,0,0,0,0,829,456018,1661,124747,,,,
1416380693.44705,information_schema,sql_packages,0,0,,,0,0,0,0,0,0,0,0,,,0,0,0,0
1416380693.44705,pg_catalog,pg_rewrite,0,0,3845,2963,294,0,294,0,110,35,1953,3481,923,5635,891,943,536,4296
1416380693.44705,pg_toast,pg_toast_1255,0,0,0,0,0,0,0,0,0,0,0,0,0,0,,,,
1416380693.44705,pg_catalog,pg_seclabel,0,0,2284,0,0,0,0,0,0,0,0,0,200,2084,0,0,0,0
1416380693.44705,pg_toast,pg_toast_12335,0,0,0,0,0,0,0,0,0,0,0,0,0,0,,,,
1416380693.44705,pg_catalog,pg_ts_parser,0,0,0,0,0,0,0,0,0,0,0,0,0,0,,,,
1416380693.44705,pg_catalog,pg_trigger,0,0,0,0,0,0,0,0,0,0,0,0,0,0,0,0,0,0
1416380693.44705,public,region,2,10,0,0,5,0,0,0,5,0,1,3,0,0,,,,
1416380693.44705,pg_toast,pg_toast_12340,0,0,0,0,0,0,0,0,0,0,0,0,0,0,,,,
1416380693.44705,pg_catalog,pg_shseclabel,0,0,0,0,0,0,0,0,0,0,0,0,0,0,,,,
1416380693.44705,pg_catalog,pg_event_trigger,0,0,814,0,0,0,0,0,0,0,0,0,236,578,,,,
1416380693.44705,information_schema,sql_features,0,0,,,0,0,0,0,0,0,0,0,,,0,0,0,0
1416380693.44705,public,orders,0,0,,,15000000,0,0,0,15000000,0,253333,543656,,,,,,
1416380693.44705,information_schema,sql_languages,0,0,,,0,0,0,0,0,0,0,0,,,0,0,0,0
1416380693.44705,pg_catalog,pg_foreign_table,0,0,0,0,0,0,0,0,0,0,0,0,0,0,,,,
1416380693.44705,pg_catalog,pg_extension,0,0,0,0,0,0,0,0,0,0,0,0,0,0,,,,
1416380693.44705,pg_catalog,pg_ts_config,0,0,0,0,0,0,0,0,0,0,0,0,0,0,,,,
1416380693.44705,pg_catalog,pg_shdescription,0,0,0,0,0,0,0,0,0,0,0,0,0,0,0,0,0,0
1416380693.44705,public,time_statistics,0,0,,,1,0,0,0,1,0,1,0,,,,,,
1416380693.44705,pg_catalog,pg_cast,0,0,568906,134457,0,0,0,0,0,0,780,133677,479,584578,,,,
1416380693.44705,pg_catalog,pg_amop,0,0,151924,221738,0,0,0,0,0,0,1154,220584,2515,321122,,,,
1416380693.44705,pg_catalog,pg_user_mapping,0,0,0,0,0,0,0,0,0,0,0,0,0,0,,,,
1416380693.44705,pg_toast,pg_toast_12315,0,0,0,0,0,0,0,0,0,0,0,0,0,0,,,,
1416380693.44705,pg_catalog,pg_type,0,0,401792,397864,1034,0,1034,0,360,37,2637,399805,3908,825534,,,,
1416380693.44705,pg_catalog,pg_largeobject,0,0,0,0,0,0,0,0,0,0,0,0,0,0,,,,
1416380693.44705,information_schema,sql_parts,0,0,,,0,0,0,0,0,0,0,0,,,0,0,0,0
1416380693.44705,pg_catalog,pg_ts_config_map,0,0,0,0,0,0,0,0,0,0,0,0,0,0,,,,
1416380693.44705,pg_catalog,pg_largeobject_metadata,0,0,0,0,0,0,0,0,0,0,0,0,0,0,,,,
1416380693.44705,pg_catalog,pg_am,17443,17443,0,0,0,0,0,0,0,0,255,17188,0,0,,,,
1416380693.44705,pg_catalog,pg_ts_template,0,0,0,0,0,0,0,0,0,0,0,0,0,0,,,,
1416380693.44705,pg_catalog,pg_foreign_server,0,0,0,0,0,0,0,0,0,0,0,0,0,0,,,,
1416380693.44705,pg_catalog,pg_namespace,626,52764,87867,71267,2,0,0,0,2,0,381,72141,1124,104502,,,,
1416380693.44705,pg_toast,pg_toast_2619,0,0,71708,239436,2461,0,2302,0,182,12,23103,93356,976,99333,,,,
1416380693.44705,pg_catalog,pg_authid,353,353,33411,33411,0,0,0,0,0,0,219,33545,1008,65814,,,,
1416380693.44705,pg_catalog,pg_default_acl,0,0,2084,0,0,0,0,0,0,0,0,0,219,1865,,,,
1416380693.44705,pg_catalog,pg_shdepend,0,0,2807,523,0,0,0,0,0,0,236,287,884,2965,,,,
1416380693.44705,pg_catalog,pg_constraint,0,0,126,64,62,0,64,0,8,24,35,353,64,626,0,0,0,0
1416380693.44705,information_schema,sql_implementation_info,0,0,,,0,0,0,0,0,0,0,0,,,0,0,0,0
1416380693.44705,pg_catalog,pg_index,2306,202135,189422,268942,360,0,371,0,132,63,2321,270588,1260,216544,,,,
1416380693.44705,pg_catalog,pg_ts_dict,0,0,0,0,0,0,0,0,0,0,0,0,0,0,,,,
1416380693.44705,pg_toast,pg_toast_2604,0,0,0,0,0,0,0,0,0,0,0,0,0,0,,,,
1416380693.44705,pg_toast,pg_toast_12325,0,0,0,0,0,0,0,0,0,0,0,0,0,0,,,,
1416380693.44705,information_schema,sql_sizing,0,0,,,0,0,0,0,0,0,0,0,,,0,0,0,0
1416380693.44705,pg_catalog,pg_proc,0,0,147572,218733,0,0,0,0,0,0,12818,145946,6279,320823,0,0,0,0
1416380753.44886,pg_catalog,pg_attrdef,0,0,0,0,0,0,0,0,0,0,0,0,0,0,0,0,0,0
1416380753.44886,pg_catalog,pg_db_role_setting,0,0,70204,0,0,0,0,0,0,0,0,0,219,69985,0,0,0,0
1416380753.44886,pg_catalog,pg_rowsecurity,0,0,0,0,0,0,0,0,0,0,0,0,0,0,,,,
1416380753.44886,pg_catalog,pg_description,0,0,2284,0,0,0,0,0,0,0,0,0,612,4477,0,0,0,0
1416380753.44886,pg_catalog,pg_foreign_data_wrapper,0,0,0,0,0,0,0,0,0,0,0,0,0,0,,,,
1416380753.44886,pg_catalog,pg_conversion,0,0,0,0,0,0,0,0,0,0,0,0,0,0,,,,
1416380753.44886,public,customer,6,9000000,0,0,1500000,0,0,0,1500000,0,68533,294857,0,0,,,,
1416380753.44886,pg_catalog,pg_class,4965,1047566,406255,369321,884,294,892,285,329,0,5338,421223,3780,850170,,,,
1416380753.44886,public,partsupp,3,24000000,0,0,8000000,0,0,0,8000000,0,340611,954509,0,0,,,,
1416380753.44886,pg_catalog,pg_opfamily,0,0,0,0,0,0,0,0,0,0,0,0,0,0,,,,
1416380753.44886,pg_catalog,pg_auth_members,0,0,0,0,0,0,0,0,0,0,0,0,0,0,,,,
1416380753.44886,pg_catalog,pg_operator,0,0,130676,690741,0,0,0,0,0,0,3706,477299,3227,283017,,,,
1416380753.44886,pg_toast,pg_toast_12345,0,0,0,0,0,0,0,0,0,0,0,0,0,0,,,,
1416380753.44886,pg_catalog,pg_attribute,1375,9375,337096,764111,3174,78,3188,78,2500,8,13063,372918,3114,704118,,,,
1416380753.44886,pg_catalog,pg_tablespace,0,0,11957,11957,0,0,0,0,0,0,353,11604,728,23230,,,,
1416380753.44886,pg_catalog,pg_statistic,0,0,94817,91719,656,2051,675,1930,448,70,9583,88212,1090,202362,23103,93424,976,99437
1416380753.44886,public,part,6,12000000,0,0,2000000,0,0,0,2000000,0,79007,327715,0,0,,,,
1416380753.44886,pg_catalog,pg_aggregate,0,0,9116,9116,0,0,0,0,0,0,678,8438,1535,14342,,,,
1416380753.44886,pg_catalog,pg_inherits,0,0,521,0,0,0,0,0,0,0,0,0,212,309,,,,
1416380753.44886,pg_catalog,pg_enum,0,0,0,0,0,0,0,0,0,0,0,0,0,0,,,,
1416380753.44886,pg_toast,pg_toast_2396,0,0,0,0,0,0,0,0,0,0,0,0,0,0,,,,
1416380753.44886,pg_catalog,pg_pltemplate,0,0,0,0,0,0,0,0,0,0,0,0,0,0,,,,
1416380753.44886,pg_toast,pg_toast_2618,0,0,1504,4804,0,0,0,0,0,0,891,949,268,2156,,,,
1416380753.44886,pg_toast,pg_toast_3596,0,0,0,0,0,0,0,0,0,0,0,0,0,0,,,,
1416380753.44886,pg_toast,pg_toast_2606,0,0,0,0,0,0,0,0,0,0,0,0,0,0,,,,
1416380753.44886,pg_toast,pg_toast_2964,0,0,0,0,0,0,0,0,0,0,0,0,0,0,,,,
1416380753.44886,pg_toast,pg_toast_12330,0,0,0,0,0,0,0,0,0,0,0,0,0,0,,,,
1416380753.44886,pg_catalog,pg_database,1216,4678,56891,56891,0,0,0,0,0,0,168,57939,981,90981,,,,
1416380753.44886,public,lineitem,0,0,,,0,0,0,0,0,0,0,0,,,,,,
1416380753.44886,information_schema,sql_sizing_profiles,0,0,,,0,0,0,0,0,0,0,0,,,0,0,0,0
1416380753.44886,public,supplier,4,400000,0,0,100000,0,0,0,100000,0,2312,15648,0,0,,,,
1416380753.44886,pg_toast,pg_toast_2620,0,0,0,0,0,0,0,0,0,0,0,0,0,0,,,,
1416380753.44886,pg_catalog,pg_depend,0,0,21476,23098,3933,0,3954,0,6664,1321,3869,27581,5388,55687,,,,
1416380753.44886,public,nation,2,50,0,0,25,0,0,0,25,0,1,3,0,0,,,,
1416380753.44886,pg_catalog,pg_language,0,0,0,0,0,0,0,0,0,0,0,0,0,0,,,,
1416380753.44886,pg_toast,pg_toast_12320,0,0,0,0,0,0,0,0,0,0,0,0,0,0,,,,
1416380753.44886,pg_catalog,pg_amproc,250,500,74251,116976,0,0,0,0,0,0,353,72985,682,164910,,,,
1416380753.44886,pg_catalog,pg_collation,0,0,0,0,0,0,0,0,0,0,0,0,0,0,,,,
1416380753.44886,pg_catalog,pg_range,0,0,4123,0,0,0,0,0,0,0,0,0,1594,6652,,,,
1416380753.44886,pg_toast,pg_toast_2609,0,0,0,0,0,0,0,0,0,0,0,0,0,0,,,,
1416380753.44886,pg_catalog,pg_opclass,250,250,102352,1148016,0,0,0,0,0,0,829,456237,1661,124808,,,,
1416380753.44886,information_schema,sql_packages,0,0,,,0,0,0,0,0,0,0,0,,,0,0,0,0
1416380753.44886,pg_catalog,pg_rewrite,0,0,3852,2970,294,0,294,0,110,35,1953,3488,923,5647,891,949,536,4312
1416380753.44886,pg_toast,pg_toast_1255,0,0,0,0,0,0,0,0,0,0,0,0,0,0,,,,
1416380753.44886,pg_catalog,pg_seclabel,0,0,2284,0,0,0,0,0,0,0,0,0,200,2084,0,0,0,0
1416380753.44886,pg_toast,pg_toast_12335,0,0,0,0,0,0,0,0,0,0,0,0,0,0,,,,
1416380753.44886,pg_catalog,pg_ts_parser,0,0,0,0,0,0,0,0,0,0,0,0,0,0,,,,
1416380753.44886,pg_catalog,pg_trigger,0,0,0,0,0,0,0,0,0,0,0,0,0,0,0,0,0,0
1416380753.44886,public,region,2,10,0,0,5,0,0,0,5,0,1,3,0,0,,,,
1416380753.44886,pg_toast,pg_toast_12340,0,0,0,0,0,0,0,0,0,0,0,0,0,0,,,,
1416380753.44886,pg_catalog,pg_shseclabel,0,0,0,0,0,0,0,0,0,0,0,0,0,0,,,,
1416380753.44886,pg_catalog,pg_event_trigger,0,0,817,0,0,0,0,0,0,0,0,0,236,581,,,,
1416380753.44886,information_schema,sql_features,0,0,,,0,0,0,0,0,0,0,0,,,0,0,0,0
1416380753.44886,public,orders,4,60000000,0,0,15000000,0,0,0,15000000,0,504554,1558780,0,0,,,,
1416380753.44886,information_schema,sql_languages,0,0,,,0,0,0,0,0,0,0,0,,,0,0,0,0
1416380753.44886,pg_catalog,pg_foreign_table,0,0,0,0,0,0,0,0,0,0,0,0,0,0,,,,
1416380753.44886,pg_catalog,pg_extension,0,0,0,0,0,0,0,0,0,0,0,0,0,0,,,,
1416380753.44886,pg_catalog,pg_ts_config,0,0,0,0,0,0,0,0,0,0,0,0,0,0,,,,
1416380753.44886,pg_catalog,pg_shdescription,0,0,0,0,0,0,0,0,0,0,0,0,0,0,0,0,0,0
1416380753.44886,public,time_statistics,0,0,,,1,0,0,0,1,0,1,0,,,,,,
1416380753.44886,pg_catalog,pg_cast,0,0,569099,134517,0,0,0,0,0,0,780,133737,479,584780,,,,
1416380753.44886,pg_catalog,pg_amop,0,0,151977,221800,0,0,0,0,0,0,1154,220646,2515,321238,,,,
1416380753.44886,pg_catalog,pg_user_mapping,0,0,0,0,0,0,0,0,0,0,0,0,0,0,,,,
1416380753.44886,pg_toast,pg_toast_12315,0,0,0,0,0,0,0,0,0,0,0,0,0,0,,,,
1416380753.44886,pg_catalog,pg_type,0,0,401895,397967,1034,0,1034,0,360,37,2637,399908,3908,825749,,,,
1416380753.44886,pg_catalog,pg_largeobject,0,0,0,0,0,0,0,0,0,0,0,0,0,0,,,,
1416380753.44886,information_schema,sql_parts,0,0,,,0,0,0,0,0,0,0,0,,,0,0,0,0
1416380753.44886,pg_catalog,pg_ts_config_map,0,0,0,0,0,0,0,0,0,0,0,0,0,0,,,,
1416380753.44886,pg_catalog,pg_largeobject_metadata,0,0,0,0,0,0,0,0,0,0,0,0,0,0,,,,
1416380753.44886,pg_catalog,pg_am,17453,17453,0,0,0,0,0,0,0,0,255,17198,0,0,,,,
1416380753.44886,pg_catalog,pg_ts_template,0,0,0,0,0,0,0,0,0,0,0,0,0,0,,,,
1416380753.44886,pg_catalog,pg_foreign_server,0,0,0,0,0,0,0,0,0,0,0,0,0,0,,,,
1416380753.44886,pg_catalog,pg_namespace,628,52936,88023,71414,2,0,0,0,2,0,381,72292,1124,104670,,,,
1416380753.44886,pg_toast,pg_toast_2619,0,0,71721,239442,2498,0,2302,0,219,12,23103,93424,976,99437,,,,
1416380753.44886,pg_catalog,pg_authid,354,354,33429,33429,0,0,0,0,0,0,219,33564,1008,65850,,,,
1416380753.44886,pg_catalog,pg_default_acl,0,0,2084,0,0,0,0,0,0,0,0,0,219,1865,,,,
1416380753.44886,pg_catalog,pg_shdepend,0,0,2807,523,0,0,0,0,0,0,236,287,884,2965,,,,
1416380753.44886,pg_catalog,pg_constraint,0,0,127,64,63,0,64,0,9,24,35,357,64,635,0,0,0,0
1416380753.44886,information_schema,sql_implementation_info,0,0,,,0,0,0,0,0,0,0,0,,,0,0,0,0
1416380753.44886,pg_catalog,pg_index,2311,202795,189508,269061,363,0,371,0,135,63,2321,270723,1260,216652,,,,
1416380753.44886,pg_catalog,pg_ts_dict,0,0,0,0,0,0,0,0,0,0,0,0,0,0,,,,
1416380753.44886,pg_toast,pg_toast_2604,0,0,0,0,0,0,0,0,0,0,0,0,0,0,,,,
1416380753.44886,pg_toast,pg_toast_12325,0,0,0,0,0,0,0,0,0,0,0,0,0,0,,,,
1416380753.44886,information_schema,sql_sizing,0,0,,,0,0,0,0,0,0,0,0,,,0,0,0,0
1416380753.44886,pg_catalog,pg_proc,0,0,147650,218846,0,0,0,0,0,0,12818,146044,6279,320989,0,0,0,0
1416380813.45099,pg_catalog,pg_attrdef,0,0,0,0,0,0,0,0,0,0,0,0,0,0,0,0,0,0
1416380813.45099,pg_catalog,pg_db_role_setting,0,0,70232,0,0,0,0,0,0,0,0,0,219,70013,0,0,0,0
1416380813.45099,pg_catalog,pg_rowsecurity,0,0,0,0,0,0,0,0,0,0,0,0,0,0,,,,
1416380813.45099,pg_catalog,pg_description,0,0,2284,0,0,0,0,0,0,0,0,0,612,4477,0,0,0,0
1416380813.45099,pg_catalog,pg_foreign_data_wrapper,0,0,0,0,0,0,0,0,0,0,0,0,0,0,,,,
1416380813.45099,pg_catalog,pg_conversion,0,0,0,0,0,0,0,0,0,0,0,0,0,0,,,,
1416380813.45099,public,customer,6,9000000,0,0,1500000,0,0,0,1500000,0,68533,294857,0,0,,,,
1416380813.45099,pg_catalog,pg_class,4975,1050544,406589,369649,884,294,892,285,329,0,5338,421682,3780,850854,,,,
1416380813.45099,public,partsupp,3,24000000,0,0,8000000,0,0,0,8000000,0,340611,954509,0,0,,,,
1416380813.45099,pg_catalog,pg_opfamily,0,0,0,0,0,0,0,0,0,0,0,0,0,0,,,,
1416380813.45099,pg_catalog,pg_auth_members,0,0,0,0,0,0,0,0,0,0,0,0,0,0,,,,
1416380813.45099,pg_catalog,pg_operator,0,0,130693,690758,0,0,0,0,0,0,3706,477316,3227,283059,,,,
1416380813.45099,pg_toast,pg_toast_12345,0,0,0,0,0,0,0,0,0,0,0,0,0,0,,,,
1416380813.45099,pg_catalog,pg_attribute,1375,9375,337302,764449,3174,78,3188,78,2500,8,13063,373131,3114,704538,,,,
1416380813.45099,pg_catalog,pg_tablespace,0,0,11962,11962,0,0,0,0,0,0,353,11609,728,23240,,,,
1416380813.45099,pg_catalog,pg_statistic,0,0,94842,91738,656,2051,675,1930,448,70,9583,88231,1090,202417,23103,93427,976,99446
1416380813.45099,public,part,6,12000000,0,0,2000000,0,0,0,2000000,0,79007,327715,0,0,,,,
1416380813.45099,pg_catalog,pg_aggregate,0,0,9117,9117,0,0,0,0,0,0,678,8439,1535,14344,,,,
1416380813.45099,pg_catalog,pg_inherits,0,0,521,0,0,0,0,0,0,0,0,0,212,309,,,,
1416380813.45099,pg_catalog,pg_enum,0,0,0,0,0,0,0,0,0,0,0,0,0,0,,,,
1416380813.45099,pg_toast,pg_toast_2396,0,0,0,0,0,0,0,0,0,0,0,0,0,0,,,,
1416380813.45099,pg_catalog,pg_pltemplate,0,0,0,0,0,0,0,0,0,0,0,0,0,0,,,,
1416380813.45099,pg_toast,pg_toast_2618,0,0,1509,4820,0,0,0,0,0,0,891,955,268,2164,,,,
1416380813.45099,pg_toast,pg_toast_3596,0,0,0,0,0,0,0,0,0,0,0,0,0,0,,,,
1416380813.45099,pg_toast,pg_toast_2606,0,0,0,0,0,0,0,0,0,0,0,0,0,0,,,,
1416380813.45099,pg_toast,pg_toast_2964,0,0,0,0,0,0,0,0,0,0,0,0,0,0,,,,
1416380813.45099,pg_toast,pg_toast_12330,0,0,0,0,0,0,0,0,0,0,0,0,0,0,,,,
1416380813.45099,pg_catalog,pg_database,1219,4690,56920,56920,0,0,0,0,0,0,168,57971,981,91024,,,,
1416380813.45099,public,lineitem,0,0,,,0,0,0,0,0,0,0,0,,,,,,
1416380813.45099,information_schema,sql_sizing_profiles,0,0,,,0,0,0,0,0,0,0,0,,,0,0,0,0
1416380813.45099,public,supplier,4,400000,0,0,100000,0,0,0,100000,0,2312,15648,0,0,,,,
1416380813.45099,pg_toast,pg_toast_2620,0,0,0,0,0,0,0,0,0,0,0,0,0,0,,,,
1416380813.45099,pg_catalog,pg_depend,0,0,21476,23098,3933,0,3954,0,6664,1321,3869,27581,5388,55687,,,,
1416380813.45099,public,nation,2,50,0,0,25,0,0,0,25,0,1,3,0,0,,,,
1416380813.45099,pg_catalog,pg_language,0,0,0,0,0,0,0,0,0,0,0,0,0,0,,,,
1416380813.45099,pg_toast,pg_toast_12320,0,0,0,0,0,0,0,0,0,0,0,0,0,0,,,,
1416380813.45099,pg_catalog,pg_amproc,250,500,74268,117003,0,0,0,0,0,0,353,73002,682,164950,,,,
1416380813.45099,pg_catalog,pg_collation,0,0,0,0,0,0,0,0,0,0,0,0,0,0,,,,
1416380813.45099,pg_catalog,pg_range,0,0,4123,0,0,0,0,0,0,0,0,0,1594,6652,,,,
1416380813.45099,pg_toast,pg_toast_2609,0,0,0,0,0,0,0,0,0,0,0,0,0,0,,,,
1416380813.45099,pg_catalog,pg_opclass,250,250,102370,1148201,0,0,0,0,0,0,829,456307,1661,124835,,,,
1416380813.45099,information_schema,sql_packages,0,0,,,0,0,0,0,0,0,0,0,,,0,0,0,0
1416380813.45099,pg_catalog,pg_rewrite,0,0,3859,2977,294,0,294,0,110,35,1953,3495,923,5659,891,955,536,4328
1416380813.45099,pg_toast,pg_toast_1255,0,0,0,0,0,0,0,0,0,0,0,0,0,0,,,,
1416380813.45099,pg_catalog,pg_seclabel,0,0,2284,0,0,0,0,0,0,0,0,0,200,2084,0,0,0,0
1416380813.45099,pg_toast,pg_toast_12335,0,0,0,0,0,0,0,0,0,0,0,0,0,0,,,,
1416380813.45099,pg_catalog,pg_ts_parser,0,0,0,0,0,0,0,0,0,0,0,0,0,0,,,,
1416380813.45099,pg_catalog,pg_trigger,0,0,0,0,0,0,0,0,0,0,0,0,0,0,0,0,0,0
1416380813.45099,public,region,2,10,0,0,5,0,0,0,5,0,1,3,0,0,,,,
1416380813.45099,pg_toast,pg_toast_12340,0,0,0,0,0,0,0,0,0,0,0,0,0,0,,,,
1416380813.45099,pg_catalog,pg_shseclabel,0,0,0,0,0,0,0,0,0,0,0,0,0,0,,,,
1416380813.45099,pg_catalog,pg_event_trigger,0,0,817,0,0,0,0,0,0,0,0,0,236,581,,,,
1416380813.45099,information_schema,sql_features,0,0,,,0,0,0,0,0,0,0,0,,,0,0,0,0
1416380813.45099,public,orders,4,60000000,0,0,15000000,0,0,0,15000000,0,504554,1558780,0,0,,,,
1416380813.45099,information_schema,sql_languages,0,0,,,0,0,0,0,0,0,0,0,,,0,0,0,0
1416380813.45099,pg_catalog,pg_foreign_table,0,0,0,0,0,0,0,0,0,0,0,0,0,0,,,,
1416380813.45099,pg_catalog,pg_extension,0,0,0,0,0,0,0,0,0,0,0,0,0,0,,,,
1416380813.45099,pg_catalog,pg_ts_config,0,0,0,0,0,0,0,0,0,0,0,0,0,0,,,,
1416380813.45099,pg_catalog,pg_shdescription,0,0,0,0,0,0,0,0,0,0,0,0,0,0,0,0,0,0
1416380813.45099,public,time_statistics,0,0,,,1,0,0,0,1,0,1,0,,,,,,
1416380813.45099,pg_catalog,pg_cast,0,0,569168,134545,0,0,0,0,0,0,780,133765,479,584854,,,,
1416380813.45099,pg_catalog,pg_amop,0,0,152010,221841,0,0,0,0,0,0,1154,220687,2515,321312,,,,
1416380813.45099,pg_catalog,pg_user_mapping,0,0,0,0,0,0,0,0,0,0,0,0,0,0,,,,
1416380813.45099,pg_toast,pg_toast_12315,0,0,0,0,0,0,0,0,0,0,0,0,0,0,,,,
1416380813.45099,pg_catalog,pg_type,0,0,401987,398059,1034,0,1034,0,360,37,2637,400000,3908,825938,,,,
1416380813.45099,pg_catalog,pg_largeobject,0,0,0,0,0,0,0,0,0,0,0,0,0,0,,,,
1416380813.45099,information_schema,sql_parts,0,0,,,0,0,0,0,0,0,0,0,,,0,0,0,0
1416380813.45099,pg_catalog,pg_ts_config_map,0,0,0,0,0,0,0,0,0,0,0,0,0,0,,,,
1416380813.45099,pg_catalog,pg_largeobject_metadata,0,0,0,0,0,0,0,0,0,0,0,0,0,0,,,,
1416380813.45099,pg_catalog,pg_am,17459,17459,0,0,0,0,0,0,0,0,255,17204,0,0,,,,
1416380813.45099,pg_catalog,pg_ts_template,0,0,0,0,0,0,0,0,0,0,0,0,0,0,,,,
1416380813.45099,pg_catalog,pg_foreign_server,0,0,0,0,0,0,0,0,0,0,0,0,0,0,,,,
1416380813.45099,pg_catalog,pg_namespace,630,53108,88173,71559,2,0,0,0,2,0,381,72441,1124,104827,,,,
1416380813.45099,pg_toast,pg_toast_2619,0,0,71724,239448,2498,0,2302,0,219,12,23103,93427,976,99446,,,,
1416380813.45099,pg_catalog,pg_authid,355,355,33439,33439,0,0,0,0,0,0,219,33575,1008,65870,,,,
1416380813.45099,pg_catalog,pg_default_acl,0,0,2084,0,0,0,0,0,0,0,0,0,219,1865,,,,
1416380813.45099,pg_catalog,pg_shdepend,0,0,2807,523,0,0,0,0,0,0,236,287,884,2965,,,,
1416380813.45099,pg_catalog,pg_constraint,0,0,127,64,63,0,64,0,9,24,35,357,64,635,0,0,0,0
1416380813.45099,information_schema,sql_implementation_info,0,0,,,0,0,0,0,0,0,0,0,,,0,0,0,0
1416380813.45099,pg_catalog,pg_index,2316,203470,189552,269118,363,0,371,0,135,63,2321,270802,1260,216707,,,,
1416380813.45099,pg_catalog,pg_ts_dict,0,0,0,0,0,0,0,0,0,0,0,0,0,0,,,,
1416380813.45099,pg_toast,pg_toast_2604,0,0,0,0,0,0,0,0,0,0,0,0,0,0,,,,
1416380813.45099,pg_toast,pg_toast_12325,0,0,0,0,0,0,0,0,0,0,0,0,0,0,,,,
1416380813.45099,information_schema,sql_sizing,0,0,,,0,0,0,0,0,0,0,0,,,0,0,0,0
1416380813.45099,pg_catalog,pg_proc,0,0,147728,218959,0,0,0,0,0,0,12818,146142,6279,321155,0,0,0,0
1416380873.45315,pg_catalog,pg_attrdef,0,0,0,0,0,0,0,0,0,0,0,0,0,0,0,0,0,0
1416380873.45315,pg_catalog,pg_db_role_setting,0,0,70260,0,0,0,0,0,0,0,0,0,219,70041,0,0,0,0
1416380873.45315,pg_catalog,pg_rowsecurity,0,0,0,0,0,0,0,0,0,0,0,0,0,0,,,,
1416380873.45315,pg_catalog,pg_description,0,0,2284,0,0,0,0,0,0,0,0,0,612,4477,0,0,0,0
1416380873.45315,pg_catalog,pg_foreign_data_wrapper,0,0,0,0,0,0,0,0,0,0,0,0,0,0,,,,
1416380873.45315,pg_catalog,pg_conversion,0,0,0,0,0,0,0,0,0,0,0,0,0,0,,,,
1416380873.45315,public,customer,6,9000000,0,0,1500000,0,0,0,1500000,0,68533,294857,0,0,,,,
1416380873.45315,pg_catalog,pg_class,4985,1053522,406923,369977,884,294,892,285,329,0,5338,422141,3780,851538,,,,
1416380873.45315,public,partsupp,3,24000000,0,0,8000000,0,0,0,8000000,0,340611,954509,0,0,,,,
1416380873.45315,pg_catalog,pg_opfamily,0,0,0,0,0,0,0,0,0,0,0,0,0,0,,,,
1416380873.45315,pg_catalog,pg_auth_members,0,0,0,0,0,0,0,0,0,0,0,0,0,0,,,,
1416380873.45315,pg_catalog,pg_operator,0,0,130710,690775,0,0,0,0,0,0,3706,477333,3227,283101,,,,
1416380873.45315,pg_toast,pg_toast_12345,0,0,0,0,0,0,0,0,0,0,0,0,0,0,,,,
1416380873.45315,pg_catalog,pg_attribute,1375,9375,337508,764787,3174,78,3188,78,2500,8,13063,373344,3114,704958,,,,
1416380873.45315,pg_catalog,pg_tablespace,0,0,11967,11967,0,0,0,0,0,0,353,11614,728,23250,,,,
1416380873.45315,pg_catalog,pg_statistic,0,0,94867,91757,656,2051,675,1930,448,70,9583,88250,1090,202472,23103,93430,976,99455
1416380873.45315,public,part,6,12000000,0,0,2000000,0,0,0,2000000,0,79007,327715,0,0,,,,
1416380873.45315,pg_catalog,pg_aggregate,0,0,9118,9118,0,0,0,0,0,0,678,8440,1535,14346,,,,
1416380873.45315,pg_catalog,pg_inherits,0,0,521,0,0,0,0,0,0,0,0,0,212,309,,,,
1416380873.45315,pg_catalog,pg_enum,0,0,0,0,0,0,0,0,0,0,0,0,0,0,,,,
1416380873.45315,pg_toast,pg_toast_2396,0,0,0,0,0,0,0,0,0,0,0,0,0,0,,,,
1416380873.45315,pg_catalog,pg_pltemplate,0,0,0,0,0,0,0,0,0,0,0,0,0,0,,,,
1416380873.45315,pg_toast,pg_toast_2618,0,0,1514,4836,0,0,0,0,0,0,891,961,268,2172,,,,
1416380873.45315,pg_toast,pg_toast_3596,0,0,0,0,0,0,0,0,0,0,0,0,0,0,,,,
1416380873.45315,pg_toast,pg_toast_2606,0,0,0,0,0,0,0,0,0,0,0,0,0,0,,,,
1416380873.45315,pg_toast,pg_toast_2964,0,0,0,0,0,0,0,0,0,0,0,0,0,0,,,,
1416380873.45315,pg_toast,pg_toast_12330,0,0,0,0,0,0,0,0,0,0,0,0,0,0,,,,
1416380873.45315,pg_catalog,pg_database,1222,4702,56949,56949,0,0,0,0,0,0,168,58003,981,91067,,,,
1416380873.45315,public,lineitem,0,0,,,0,0,0,0,0,0,0,0,,,,,,
1416380873.45315,information_schema,sql_sizing_profiles,0,0,,,0,0,0,0,0,0,0,0,,,0,0,0,0
1416380873.45315,public,supplier,4,400000,0,0,100000,0,0,0,100000,0,2312,15648,0,0,,,,
1416380873.45315,pg_toast,pg_toast_2620,0,0,0,0,0,0,0,0,0,0,0,0,0,0,,,,
1416380873.45315,pg_catalog,pg_depend,0,0,21476,23098,3933,0,3954,0,6664,1321,3869,27581,5388,55687,,,,
1416380873.45315,public,nation,2,50,0,0,25,0,0,0,25,0,1,3,0,0,,,,
1416380873.45315,pg_catalog,pg_language,0,0,0,0,0,0,0,0,0,0,0,0,0,0,,,,
1416380873.45315,pg_toast,pg_toast_12320,0,0,0,0,0,0,0,0,0,0,0,0,0,0,,,,
1416380873.45315,pg_catalog,pg_amproc,250,500,74285,117030,0,0,0,0,0,0,353,73019,682,164990,,,,
1416380873.45315,pg_catalog,pg_collation,0,0,0,0,0,0,0,0,0,0,0,0,0,0,,,,
1416380873.45315,pg_catalog,pg_range,0,0,4123,0,0,0,0,0,0,0,0,0,1594,6652,,,,
1416380873.45315,pg_toast,pg_toast_2609,0,0,0,0,0,0,0,0,0,0,0,0,0,0,,,,
1416380873.45315,pg_catalog,pg_opclass,250,250,102388,1148386,0,0,0,0,0,0,829,456377,1661,124862,,,,
1416380873.45315,information_schema,sql_packages,0,0,,,0,0,0,0,0,0,0,0,,,0,0,0,0
1416380873.45315,pg_catalog,pg_rewrite,0,0,3866,2984,294,0,294,0,110,35,1953,3502,923,5671,891,961,536,4344
1416380873.45315,pg_toast,pg_toast_1255,0,0,0,0,0,0,0,0,0,0,0,0,0,0,,,,
1416380873.45315,pg_catalog,pg_seclabel,0,0,2284,0,0,0,0,0,0,0,0,0,200,2084,0,0,0,0
1416380873.45315,pg_toast,pg_toast_12335,0,0,0,0,0,0,0,0,0,0,0,0,0,0,,,,
1416380873.45315,pg_catalog,pg_ts_parser,0,0,0,0,0,0,0,0,0,0,0,0,0,0,,,,
1416380873.45315,pg_catalog,pg_trigger,0,0,0,0,0,0,0,0,0,0,0,0,0,0,0,0,0,0
1416380873.45315,public,region,2,10,0,0,5,0,0,0,5,0,1,3,0,0,,,,
1416380873.45315,pg_toast,pg_toast_12340,0,0,0,0,0,0,0,0,0,0,0,0,0,0,,,,
1416380873.45315,pg_catalog,pg_shseclabel,0,0,0,0,0,0,0,0,0,0,0,0,0,0,,,,
1416380873.45315,pg_catalog,pg_event_trigger,0,0,817,0,0,0,0,0,0,0,0,0,236,581,,,,
1416380873.45315,information_schema,sql_features,0,0,,,0,0,0,0,0,0,0,0,,,0,0,0,0
1416380873.45315,public,orders,4,60000000,0,0,15000000,0,0,0,15000000,0,504554,1558780,0,0,,,,
1416380873.45315,information_schema,sql_languages,0,0,,,0,0,0,0,0,0,0,0,,,0,0,0,0
1416380873.45315,pg_catalog,pg_foreign_table,0,0,0,0,0,0,0,0,0,0,0,0,0,0,,,,
1416380873.45315,pg_catalog,pg_extension,0,0,0,0,0,0,0,0,0,0,0,0,0,0,,,,
1416380873.45315,pg_catalog,pg_ts_config,0,0,0,0,0,0,0,0,0,0,0,0,0,0,,,,
1416380873.45315,pg_catalog,pg_shdescription,0,0,0,0,0,0,0,0,0,0,0,0,0,0,0,0,0,0
1416380873.45315,public,time_statistics,0,0,,,1,0,0,0,1,0,1,0,,,,,,
1416380873.45315,pg_catalog,pg_cast,0,0,569237,134573,0,0,0,0,0,0,780,133793,479,584928,,,,
1416380873.45315,pg_catalog,pg_amop,0,0,152043,221882,0,0,0,0,0,0,1154,220728,2515,321386,,,,
1416380873.45315,pg_catalog,pg_user_mapping,0,0,0,0,0,0,0,0,0,0,0,0,0,0,,,,
1416380873.45315,pg_toast,pg_toast_12315,0,0,0,0,0,0,0,0,0,0,0,0,0,0,,,,
1416380873.45315,pg_catalog,pg_type,0,0,402079,398151,1034,0,1034,0,360,37,2637,400092,3908,826127,,,,
1416380873.45315,pg_catalog,pg_largeobject,0,0,0,0,0,0,0,0,0,0,0,0,0,0,,,,
1416380873.45315,information_schema,sql_parts,0,0,,,0,0,0,0,0,0,0,0,,,0,0,0,0
1416380873.45315,pg_catalog,pg_ts_config_map,0,0,0,0,0,0,0,0,0,0,0,0,0,0,,,,
1416380873.45315,pg_catalog,pg_largeobject_metadata,0,0,0,0,0,0,0,0,0,0,0,0,0,0,,,,
1416380873.45315,pg_catalog,pg_am,17465,17465,0,0,0,0,0,0,0,0,255,17210,0,0,,,,
1416380873.45315,pg_catalog,pg_ts_template,0,0,0,0,0,0,0,0,0,0,0,0,0,0,,,,
1416380873.45315,pg_catalog,pg_foreign_server,0,0,0,0,0,0,0,0,0,0,0,0,0,0,,,,
1416380873.45315,pg_catalog,pg_namespace,632,53280,88323,71704,2,0,0,0,2,0,381,72590,1124,104984,,,,
1416380873.45315,pg_toast,pg_toast_2619,0,0,71727,239454,2498,0,2302,0,219,12,23103,93430,976,99455,,,,
1416380873.45315,pg_catalog,pg_authid,356,356,33449,33449,0,0,0,0,0,0,219,33586,1008,65890,,,,
1416380873.45315,pg_catalog,pg_default_acl,0,0,2084,0,0,0,0,0,0,0,0,0,219,1865,,,,
1416380873.45315,pg_catalog,pg_shdepend,0,0,2807,523,0,0,0,0,0,0,236,287,884,2965,,,,
1416380873.45315,pg_catalog,pg_constraint,0,0,127,64,63,0,64,0,9,24,35,357,64,635,0,0,0,0
1416380873.45315,information_schema,sql_implementation_info,0,0,,,0,0,0,0,0,0,0,0,,,0,0,0,0
1416380873.45315,pg_catalog,pg_index,2321,204145,189596,269175,363,0,371,0,135,63,2321,270881,1260,216762,,,,
1416380873.45315,pg_catalog,pg_ts_dict,0,0,0,0,0,0,0,0,0,0,0,0,0,0,,,,
1416380873.45315,pg_toast,pg_toast_2604,0,0,0,0,0,0,0,0,0,0,0,0,0,0,,,,
1416380873.45315,pg_toast,pg_toast_12325,0,0,0,0,0,0,0,0,0,0,0,0,0,0,,,,
1416380873.45315,information_schema,sql_sizing,0,0,,,0,0,0,0,0,0,0,0,,,0,0,0,0
1416380873.45315,pg_catalog,pg_proc,0,0,147806,219072,0,0,0,0,0,0,12818,146240,6279,321321,0,0,0,0
1416380933.45733,pg_catalog,pg_attrdef,0,0,0,0,0,0,0,0,0,0,0,0,0,0,0,0,0,0
1416380933.45733,pg_catalog,pg_db_role_setting,0,0,70288,0,0,0,0,0,0,0,0,0,219,70069,0,0,0,0
1416380933.45733,pg_catalog,pg_rowsecurity,0,0,0,0,0,0,0,0,0,0,0,0,0,0,,,,
1416380933.45733,pg_catalog,pg_description,0,0,2284,0,0,0,0,0,0,0,0,0,612,4477,0,0,0,0
1416380933.45733,pg_catalog,pg_foreign_data_wrapper,0,0,0,0,0,0,0,0,0,0,0,0,0,0,,,,
1416380933.45733,pg_catalog,pg_conversion,0,0,0,0,0,0,0,0,0,0,0,0,0,0,,,,
1416380933.45733,public,customer,6,9000000,0,0,1500000,0,0,0,1500000,0,68533,294857,0,0,,,,
1416380933.45733,pg_catalog,pg_class,4995,1056500,407251,370299,884,294,892,285,329,0,5338,422594,3780,852207,,,,
1416380933.45733,public,partsupp,3,24000000,0,0,8000000,0,0,0,8000000,0,340611,954509,0,0,,,,
1416380933.45733,pg_catalog,pg_opfamily,0,0,0,0,0,0,0,0,0,0,0,0,0,0,,,,
1416380933.45733,pg_catalog,pg_auth_members,0,0,0,0,0,0,0,0,0,0,0,0,0,0,,,,
1416380933.45733,pg_catalog,pg_operator,0,0,130727,690792,0,0,0,0,0,0,3706,477350,3227,283143,,,,
1416380933.45733,pg_toast,pg_toast_12345,0,0,0,0,0,0,0,0,0,0,0,0,0,0,,,,
1416380933.45733,pg_catalog,pg_attribute,1375,9375,337708,765110,3174,78,3188,78,2500,8,13063,373548,3114,705363,,,,
1416380933.45733,pg_catalog,pg_tablespace,0,0,11972,11972,0,0,0,0,0,0,353,11619,728,23260,,,,
1416380933.45733,pg_catalog,pg_statistic,0,0,94892,91776,656,2051,675,1930,448,70,9583,88269,1090,202527,23103,93433,976,99464
1416380933.45733,public,part,6,12000000,0,0,2000000,0,0,0,2000000,0,79007,327715,0,0,,,,
1416380933.45733,pg_catalog,pg_aggregate,0,0,9119,9119,0,0,0,0,0,0,678,8441,1535,14348,,,,
1416380933.45733,pg_catalog,pg_inherits,0,0,521,0,0,0,0,0,0,0,0,0,212,309,,,,
1416380933.45733,pg_catalog,pg_enum,0,0,0,0,0,0,0,0,0,0,0,0,0,0,,,,
1416380933.45733,pg_toast,pg_toast_2396,0,0,0,0,0,0,0,0,0,0,0,0,0,0,,,,
1416380933.45733,pg_catalog,pg_pltemplate,0,0,0,0,0,0,0,0,0,0,0,0,0,0,,,,
1416380933.45733,pg_toast,pg_toast_2618,0,0,1519,4852,0,0,0,0,0,0,891,967,268,2180,,,,
1416380933.45733,pg_toast,pg_toast_3596,0,0,0,0,0,0,0,0,0,0,0,0,0,0,,,,
1416380933.45733,pg_toast,pg_toast_2606,0,0,0,0,0,0,0,0,0,0,0,0,0,0,,,,
1416380933.45733,pg_toast,pg_toast_2964,0,0,0,0,0,0,0,0,0,0,0,0,0,0,,,,
1416380933.45733,pg_toast,pg_toast_12330,0,0,0,0,0,0,0,0,0,0,0,0,0,0,,,,
1416380933.45733,pg_catalog,pg_database,1225,4714,56978,56978,0,0,0,0,0,0,168,58035,981,91110,,,,
1416380933.45733,public,lineitem,0,0,,,0,0,0,0,0,0,0,0,,,,,,
1416380933.45733,information_schema,sql_sizing_profiles,0,0,,,0,0,0,0,0,0,0,0,,,0,0,0,0
1416380933.45733,public,supplier,4,400000,0,0,100000,0,0,0,100000,0,2312,15648,0,0,,,,
1416380933.45733,pg_toast,pg_toast_2620,0,0,0,0,0,0,0,0,0,0,0,0,0,0,,,,
1416380933.45733,pg_catalog,pg_depend,0,0,21476,23098,3933,0,3954,0,6664,1321,3869,27581,5388,55687,,,,
1416380933.45733,public,nation,2,50,0,0,25,0,0,0,25,0,1,3,0,0,,,,
1416380933.45733,pg_catalog,pg_language,0,0,0,0,0,0,0,0,0,0,0,0,0,0,,,,
1416380933.45733,pg_toast,pg_toast_12320,0,0,0,0,0,0,0,0,0,0,0,0,0,0,,,,
1416380933.45733,pg_catalog,pg_amproc,250,500,74299,117051,0,0,0,0,0,0,353,73033,682,165021,,,,
1416380933.45733,pg_catalog,pg_collation,0,0,0,0,0,0,0,0,0,0,0,0,0,0,,,,
1416380933.45733,pg_catalog,pg_range,0,0,4123,0,0,0,0,0,0,0,0,0,1594,6652,,,,
1416380933.45733,pg_toast,pg_toast_2609,0,0,0,0,0,0,0,0,0,0,0,0,0,0,,,,
1416380933.45733,pg_catalog,pg_opclass,250,250,102403,1148568,0,0,0,0,0,0,829,456444,1661,124883,,,,
1416380933.45733,information_schema,sql_packages,0,0,,,0,0,0,0,0,0,0,0,,,0,0,0,0
1416380933.45733,pg_catalog,pg_rewrite,0,0,3873,2991,294,0,294,0,110,35,1953,3509,923,5683,891,967,536,4360
1416380933.45733,pg_toast,pg_toast_1255,0,0,0,0,0,0,0,0,0,0,0,0,0,0,,,,
1416380933.45733,pg_catalog,pg_seclabel,0,0,2284,0,0,0,0,0,0,0,0,0,200,2084,0,0,0,0
1416380933.45733,pg_toast,pg_toast_12335,0,0,0,0,0,0,0,0,0,0,0,0,0,0,,,,
1416380933.45733,pg_catalog,pg_ts_parser,0,0,0,0,0,0,0,0,0,0,0,0,0,0,,,,
1416380933.45733,pg_catalog,pg_trigger,0,0,0,0,0,0,0,0,0,0,0,0,0,0,0,0,0,0
1416380933.45733,public,region,2,10,0,0,5,0,0,0,5,0,1,3,0,0,,,,
1416380933.45733,pg_toast,pg_toast_12340,0,0,0,0,0,0,0,0,0,0,0,0,0,0,,,,
1416380933.45733,pg_catalog,pg_shseclabel,0,0,0,0,0,0,0,0,0,0,0,0,0,0,,,,
1416380933.45733,pg_catalog,pg_event_trigger,0,0,817,0,0,0,0,0,0,0,0,0,236,581,,,,
1416380933.45733,information_schema,sql_features,0,0,,,0,0,0,0,0,0,0,0,,,0,0,0,0
1416380933.45733,public,orders,4,60000000,0,0,15000000,0,0,0,15000000,0,504554,1558780,0,0,,,,
1416380933.45733,information_schema,sql_languages,0,0,,,0,0,0,0,0,0,0,0,,,0,0,0,0
1416380933.45733,pg_catalog,pg_foreign_table,0,0,0,0,0,0,0,0,0,0,0,0,0,0,,,,
1416380933.45733,pg_catalog,pg_extension,0,0,0,0,0,0,0,0,0,0,0,0,0,0,,,,
1416380933.45733,pg_catalog,pg_ts_config,0,0,0,0,0,0,0,0,0,0,0,0,0,0,,,,
1416380933.45733,pg_catalog,pg_shdescription,0,0,0,0,0,0,0,0,0,0,0,0,0,0,0,0,0,0
1416380933.45733,public,time_statistics,0,0,,,1,0,0,0,1,0,1,0,,,,,,
1416380933.45733,pg_catalog,pg_cast,0,0,569306,134601,0,0,0,0,0,0,780,133821,479,585002,,,,
1416380933.45733,pg_catalog,pg_amop,0,0,152076,221923,0,0,0,0,0,0,1154,220769,2515,321460,,,,
1416380933.45733,pg_catalog,pg_user_mapping,0,0,0,0,0,0,0,0,0,0,0,0,0,0,,,,
1416380933.45733,pg_toast,pg_toast_12315,0,0,0,0,0,0,0,0,0,0,0,0,0,0,,,,
1416380933.45733,pg_catalog,pg_type,0,0,402171,398243,1034,0,1034,0,360,37,2637,400184,3908,826316,,,,
1416380933.45733,pg_catalog,pg_largeobject,0,0,0,0,0,0,0,0,0,0,0,0,0,0,,,,
1416380933.45733,information_schema,sql_parts,0,0,,,0,0,0,0,0,0,0,0,,,0,0,0,0
1416380933.45733,pg_catalog,pg_ts_config_map,0,0,0,0,0,0,0,0,0,0,0,0,0,0,,,,
1416380933.45733,pg_catalog,pg_largeobject_metadata,0,0,0,0,0,0,0,0,0,0,0,0,0,0,,,,
1416380933.45733,pg_catalog,pg_am,17468,17468,0,0,0,0,0,0,0,0,255,17213,0,0,,,,
1416380933.45733,pg_catalog,pg_ts_template,0,0,0,0,0,0,0,0,0,0,0,0,0,0,,,,
1416380933.45733,pg_catalog,pg_foreign_server,0,0,0,0,0,0,0,0,0,0,0,0,0,0,,,,
1416380933.45733,pg_catalog,pg_namespace,634,53452,88473,71849,2,0,0,0,2,0,381,72739,1124,105141,,,,
1416380933.45733,pg_toast,pg_toast_2619,0,0,71730,239460,2498,0,2302,0,219,12,23103,93433,976,99464,,,,
1416380933.45733,pg_catalog,pg_authid,357,357,33459,33459,0,0,0,0,0,0,219,33597,1008,65910,,,,
1416380933.45733,pg_catalog,pg_default_acl,0,0,2084,0,0,0,0,0,0,0,0,0,219,1865,,,,
1416380933.45733,pg_catalog,pg_shdepend,0,0,2807,523,0,0,0,0,0,0,236,287,884,2965,,,,
1416380933.45733,pg_catalog,pg_constraint,0,0,127,64,63,0,64,0,9,24,35,357,64,635,0,0,0,0
1416380933.45733,information_schema,sql_implementation_info,0,0,,,0,0,0,0,0,0,0,0,,,0,0,0,0
1416380933.45733,pg_catalog,pg_index,2326,204820,189637,269229,363,0,371,0,135,63,2321,270957,1260,216811,,,,
1416380933.45733,pg_catalog,pg_ts_dict,0,0,0,0,0,0,0,0,0,0,0,0,0,0,,,,
1416380933.45733,pg_toast,pg_toast_2604,0,0,0,0,0,0,0,0,0,0,0,0,0,0,,,,
1416380933.45733,pg_toast,pg_toast_12325,0,0,0,0,0,0,0,0,0,0,0,0,0,0,,,,
1416380933.45733,information_schema,sql_sizing,0,0,,,0,0,0,0,0,0,0,0,,,0,0,0,0
1416380933.45733,pg_catalog,pg_proc,0,0,147884,219185,0,0,0,0,0,0,12818,146338,6279,321487,0,0,0,0
1416380993.45781,pg_catalog,pg_attrdef,0,0,0,0,0,0,0,0,0,0,0,0,0,0,0,0,0,0
1416380993.45781,pg_catalog,pg_db_role_setting,0,0,70348,0,0,0,0,0,0,0,0,0,219,70129,0,0,0,0
1416380993.45781,pg_catalog,pg_rowsecurity,0,0,0,0,0,0,0,0,0,0,0,0,0,0,,,,
1416380993.45781,pg_catalog,pg_description,0,0,2284,0,0,0,0,0,0,0,0,0,612,4477,0,0,0,0
1416380993.45781,pg_catalog,pg_foreign_data_wrapper,0,0,0,0,0,0,0,0,0,0,0,0,0,0,,,,
1416380993.45781,pg_catalog,pg_conversion,0,0,0,0,0,0,0,0,0,0,0,0,0,0,,,,
1416380993.45781,public,customer,6,9000000,0,0,1500000,0,0,0,1500000,0,68533,294857,0,0,,,,
1416380993.45781,pg_catalog,pg_class,5005,1059478,407612,370653,884,294,892,285,329,0,5338,423079,3780,852957,,,,
1416380993.45781,public,partsupp,3,24000000,0,0,8000000,0,0,0,8000000,0,340611,954509,0,0,,,,
1416380993.45781,pg_catalog,pg_opfamily,0,0,0,0,0,0,0,0,0,0,0,0,0,0,,,,
1416380993.45781,pg_catalog,pg_auth_members,0,0,0,0,0,0,0,0,0,0,0,0,0,0,,,,
1416380993.45781,pg_catalog,pg_operator,0,0,130744,690809,0,0,0,0,0,0,3706,477367,3227,283185,,,,
1416380993.45781,pg_toast,pg_toast_12345,0,0,0,0,0,0,0,0,0,0,0,0,0,0,,,,
1416380993.45781,pg_catalog,pg_attribute,1375,9375,337937,765519,3174,78,3188,78,2500,8,13063,373796,3114,705840,,,,
1416380993.45781,pg_catalog,pg_tablespace,0,0,11977,11977,0,0,0,0,0,0,353,11624,728,23270,,,,
1416380993.45781,pg_catalog,pg_statistic,0,0,94917,91795,656,2051,675,1930,448,70,9583,88288,1090,202582,23103,93436,976,99473
1416380993.45781,public,part,6,12000000,0,0,2000000,0,0,0,2000000,0,79007,327715,0,0,,,,
1416380993.45781,pg_catalog,pg_aggregate,0,0,9120,9120,0,0,0,0,0,0,678,8442,1535,14350,,,,
1416380993.45781,pg_catalog,pg_inherits,0,0,521,0,0,0,0,0,0,0,0,0,212,309,,,,
1416380993.45781,pg_catalog,pg_enum,0,0,0,0,0,0,0,0,0,0,0,0,0,0,,,,
1416380993.45781,pg_toast,pg_toast_2396,0,0,0,0,0,0,0,0,0,0,0,0,0,0,,,,
1416380993.45781,pg_catalog,pg_pltemplate,0,0,0,0,0,0,0,0,0,0,0,0,0,0,,,,
1416380993.45781,pg_toast,pg_toast_2618,0,0,1524,4868,0,0,0,0,0,0,891,973,268,2188,,,,
1416380993.45781,pg_toast,pg_toast_3596,0,0,0,0,0,0,0,0,0,0,0,0,0,0,,,,
1416380993.45781,pg_toast,pg_toast_2606,0,0,0,0,0,0,0,0,0,0,0,0,0,0,,,,
1416380993.45781,pg_toast,pg_toast_2964,0,0,0,0,0,0,0,0,0,0,0,0,0,0,,,,
1416380993.45781,pg_toast,pg_toast_12330,0,0,0,0,0,0,0,0,0,0,0,0,0,0,,,,
1416380993.45781,pg_catalog,pg_database,1228,4726,57031,57031,0,0,0,0,0,0,168,58091,981,91193,,,,
1416380993.45781,public,lineitem,0,0,,,59986052,0,0,0,59986052,0,1065680,2307885,,,,,,
1416380993.45781,information_schema,sql_sizing_profiles,0,0,,,0,0,0,0,0,0,0,0,,,0,0,0,0
1416380993.45781,public,supplier,4,400000,0,0,100000,0,0,0,100000,0,2312,15648,0,0,,,,
1416380993.45781,pg_toast,pg_toast_2620,0,0,0,0,0,0,0,0,0,0,0,0,0,0,,,,
1416380993.45781,pg_catalog,pg_depend,0,0,21476,23098,3933,0,3954,0,6664,1321,3869,27581,5388,55687,,,,
1416380993.45781,public,nation,2,50,0,0,25,0,0,0,25,0,1,3,0,0,,,,
1416380993.45781,pg_catalog,pg_language,0,0,0,0,0,0,0,0,0,0,0,0,0,0,,,,
1416380993.45781,pg_toast,pg_toast_12320,0,0,0,0,0,0,0,0,0,0,0,0,0,0,,,,
1416380993.45781,pg_catalog,pg_amproc,250,500,74327,117100,0,0,0,0,0,0,353,73061,682,165094,,,,
1416380993.45781,pg_catalog,pg_collation,0,0,0,0,0,0,0,0,0,0,0,0,0,0,,,,
1416380993.45781,pg_catalog,pg_range,0,0,4123,0,0,0,0,0,0,0,0,0,1594,6652,,,,
1416380993.45781,pg_toast,pg_toast_2609,0,0,0,0,0,0,0,0,0,0,0,0,0,0,,,,
1416380993.45781,pg_catalog,pg_opclass,250,250,102432,1148764,0,0,0,0,0,0,829,456525,1661,124932,,,,
1416380993.45781,information_schema,sql_packages,0,0,,,0,0,0,0,0,0,0,0,,,0,0,0,0
1416380993.45781,pg_catalog,pg_rewrite,0,0,3880,2998,294,0,294,0,110,35,1953,3516,923,5695,891,973,536,4376
1416380993.45781,pg_toast,pg_toast_1255,0,0,0,0,0,0,0,0,0,0,0,0,0,0,,,,
1416380993.45781,pg_catalog,pg_seclabel,0,0,2284,0,0,0,0,0,0,0,0,0,200,2084,0,0,0,0
1416380993.45781,pg_toast,pg_toast_12335,0,0,0,0,0,0,0,0,0,0,0,0,0,0,,,,
1416380993.45781,pg_catalog,pg_ts_parser,0,0,0,0,0,0,0,0,0,0,0,0,0,0,,,,
1416380993.45781,pg_catalog,pg_trigger,0,0,0,0,0,0,0,0,0,0,0,0,0,0,0,0,0,0
1416380993.45781,public,region,2,10,0,0,5,0,0,0,5,0,1,3,0,0,,,,
1416380993.45781,pg_toast,pg_toast_12340,0,0,0,0,0,0,0,0,0,0,0,0,0,0,,,,
1416380993.45781,pg_catalog,pg_shseclabel,0,0,0,0,0,0,0,0,0,0,0,0,0,0,,,,
1416380993.45781,pg_catalog,pg_event_trigger,0,0,817,0,0,0,0,0,0,0,0,0,236,581,,,,
1416380993.45781,information_schema,sql_features,0,0,,,0,0,0,0,0,0,0,0,,,0,0,0,0
1416380993.45781,public,orders,4,60000000,0,0,15000000,0,0,0,15000000,0,504554,1558780,0,0,,,,
1416380993.45781,information_schema,sql_languages,0,0,,,0,0,0,0,0,0,0,0,,,0,0,0,0
1416380993.45781,pg_catalog,pg_foreign_table,0,0,0,0,0,0,0,0,0,0,0,0,0,0,,,,
1416380993.45781,pg_catalog,pg_extension,0,0,0,0,0,0,0,0,0,0,0,0,0,0,,,,
1416380993.45781,pg_catalog,pg_ts_config,0,0,0,0,0,0,0,0,0,0,0,0,0,0,,,,
1416380993.45781,pg_catalog,pg_shdescription,0,0,0,0,0,0,0,0,0,0,0,0,0,0,0,0,0,0
1416380993.45781,public,time_statistics,0,0,,,1,0,0,0,1,0,1,0,,,,,,
1416380993.45781,pg_catalog,pg_cast,0,0,569375,134629,0,0,0,0,0,0,780,133849,479,585076,,,,
1416380993.45781,pg_catalog,pg_amop,0,0,152109,221964,0,0,0,0,0,0,1154,220810,2515,321534,,,,
1416380993.45781,pg_catalog,pg_user_mapping,0,0,0,0,0,0,0,0,0,0,0,0,0,0,,,,
1416380993.45781,pg_toast,pg_toast_12315,0,0,0,0,0,0,0,0,0,0,0,0,0,0,,,,
1416380993.45781,pg_catalog,pg_type,0,0,402268,398340,1034,0,1034,0,360,37,2637,400281,3908,826516,,,,
1416380993.45781,pg_catalog,pg_largeobject,0,0,0,0,0,0,0,0,0,0,0,0,0,0,,,,
1416380993.45781,information_schema,sql_parts,0,0,,,0,0,0,0,0,0,0,0,,,0,0,0,0
1416380993.45781,pg_catalog,pg_ts_config_map,0,0,0,0,0,0,0,0,0,0,0,0,0,0,,,,
1416380993.45781,pg_catalog,pg_largeobject_metadata,0,0,0,0,0,0,0,0,0,0,0,0,0,0,,,,
1416380993.45781,pg_catalog,pg_am,17485,17485,0,0,0,0,0,0,0,0,255,17230,0,0,,,,
1416380993.45781,pg_catalog,pg_ts_template,0,0,0,0,0,0,0,0,0,0,0,0,0,0,,,,
1416380993.45781,pg_catalog,pg_foreign_server,0,0,0,0,0,0,0,0,0,0,0,0,0,0,,,,
1416380993.45781,pg_catalog,pg_namespace,636,53624,88626,71996,2,0,0,0,2,0,381,72890,1124,105303,,,,
1416380993.45781,pg_toast,pg_toast_2619,0,0,71733,239466,2498,0,2302,0,219,12,23103,93436,976,99473,,,,
1416380993.45781,pg_catalog,pg_authid,358,358,33485,33485,0,0,0,0,0,0,219,33624,1008,65962,,,,
1416380993.45781,pg_catalog,pg_default_acl,0,0,2084,0,0,0,0,0,0,0,0,0,219,1865,,,,
1416380993.45781,pg_catalog,pg_shdepend,0,0,2807,523,0,0,0,0,0,0,236,287,884,2965,,,,
1416380993.45781,pg_catalog,pg_constraint,0,0,127,64,63,0,64,0,9,24,35,357,64,635,0,0,0,0
1416380993.45781,information_schema,sql_implementation_info,0,0,,,0,0,0,0,0,0,0,0,,,0,0,0,0
1416380993.45781,pg_catalog,pg_index,2331,205495,189692,269297,363,0,371,0,135,63,2321,271047,1260,216888,,,,
1416380993.45781,pg_catalog,pg_ts_dict,0,0,0,0,0,0,0,0,0,0,0,0,0,0,,,,
1416380993.45781,pg_toast,pg_toast_2604,0,0,0,0,0,0,0,0,0,0,0,0,0,0,,,,
1416380993.45781,pg_toast,pg_toast_12325,0,0,0,0,0,0,0,0,0,0,0,0,0,0,,,,
1416380993.45781,information_schema,sql_sizing,0,0,,,0,0,0,0,0,0,0,0,,,0,0,0,0
1416380993.45781,pg_catalog,pg_proc,0,0,147962,219298,0,0,0,0,0,0,12818,146436,6279,321653,0,0,0,0
1416381053.46021,pg_catalog,pg_attrdef,0,0,0,0,0,0,0,0,0,0,0,0,0,0,0,0,0,0
1416381053.46021,pg_catalog,pg_db_role_setting,0,0,70376,0,0,0,0,0,0,0,0,0,219,70157,0,0,0,0
1416381053.46021,pg_catalog,pg_rowsecurity,0,0,0,0,0,0,0,0,0,0,0,0,0,0,,,,
1416381053.46021,pg_catalog,pg_description,0,0,2284,0,0,0,0,0,0,0,0,0,612,4477,0,0,0,0
1416381053.46021,pg_catalog,pg_foreign_data_wrapper,0,0,0,0,0,0,0,0,0,0,0,0,0,0,,,,
1416381053.46021,pg_catalog,pg_conversion,0,0,0,0,0,0,0,0,0,0,0,0,0,0,,,,
1416381053.46021,public,customer,6,9000000,0,0,1500000,0,0,0,1500000,0,68533,294857,0,0,,,,
1416381053.46021,pg_catalog,pg_class,5015,1062462,407987,371022,886,294,892,285,331,0,5338,423592,3780,853740,,,,
1416381053.46021,public,partsupp,3,24000000,0,0,8000000,0,0,0,8000000,0,340611,954509,0,0,,,,
1416381053.46021,pg_catalog,pg_opfamily,0,0,0,0,0,0,0,0,0,0,0,0,0,0,,,,
1416381053.46021,pg_catalog,pg_auth_members,0,0,0,0,0,0,0,0,0,0,0,0,0,0,,,,
1416381053.46021,pg_catalog,pg_operator,0,0,130764,690829,0,0,0,0,0,0,3706,477387,3227,283236,,,,
1416381053.46021,pg_toast,pg_toast_12345,0,0,0,0,0,0,0,0,0,0,0,0,0,0,,,,
1416381053.46021,pg_catalog,pg_attribute,1375,9375,338182,766013,3176,78,3188,78,2502,8,13063,374063,3114,706350,,,,
1416381053.46021,pg_catalog,pg_tablespace,0,0,11982,11982,0,0,0,0,0,0,353,11629,728,23280,,,,
1416381053.46021,pg_catalog,pg_statistic,0,0,94946,91816,656,2051,675,1930,448,70,9583,88309,1090,202646,23103,93439,976,99482
1416381053.46021,public,part,6,12000000,0,0,2000000,0,0,0,2000000,0,79007,327715,0,0,,,,
1416381053.46021,pg_catalog,pg_aggregate,0,0,9121,9121,0,0,0,0,0,0,678,8443,1535,14352,,,,
1416381053.46021,pg_catalog,pg_inherits,0,0,521,0,0,0,0,0,0,0,0,0,212,309,,,,
1416381053.46021,pg_catalog,pg_enum,0,0,0,0,0,0,0,0,0,0,0,0,0,0,,,,
1416381053.46021,pg_toast,pg_toast_2396,0,0,0,0,0,0,0,0,0,0,0,0,0,0,,,,
1416381053.46021,pg_catalog,pg_pltemplate,0,0,0,0,0,0,0,0,0,0,0,0,0,0,,,,
1416381053.46021,pg_toast,pg_toast_2618,0,0,1530,4886,0,0,0,0,0,0,891,980,268,2198,,,,
1416381053.46021,pg_toast,pg_toast_3596,0,0,0,0,0,0,0,0,0,0,0,0,0,0,,,,
1416381053.46021,pg_toast,pg_toast_2606,0,0,0,0,0,0,0,0,0,0,0,0,0,0,,,,
1416381053.46021,pg_toast,pg_toast_2964,0,0,0,0,0,0,0,0,0,0,0,0,0,0,,,,
1416381053.46021,pg_toast,pg_toast_12330,0,0,0,0,0,0,0,0,0,0,0,0,0,0,,,,
1416381053.46021,pg_catalog,pg_database,1231,4738,57067,57067,0,0,0,0,0,0,168,58130,981,91243,,,,
1416381053.46021,public,lineitem,2,119972104,0,0,59986052,0,0,0,59986052,0,2382952,3121447,0,0,,,,
1416381053.46021,information_schema,sql_sizing_profiles,0,0,,,0,0,0,0,0,0,0,0,,,0,0,0,0
1416381053.46021,public,supplier,4,400000,0,0,100000,0,0,0,100000,0,2312,15648,0,0,,,,
1416381053.46021,pg_toast,pg_toast_2620,0,0,0,0,0,0,0,0,0,0,0,0,0,0,,,,
1416381053.46021,pg_catalog,pg_depend,0,0,21483,23105,3937,0,3954,0,6668,1321,3869,27598,5388,55721,,,,
1416381053.46021,public,nation,2,50,0,0,25,0,0,0,25,0,1,3,0,0,,,,
1416381053.46021,pg_catalog,pg_language,0,0,0,0,0,0,0,0,0,0,0,0,0,0,,,,
1416381053.46021,pg_toast,pg_toast_12320,0,0,0,0,0,0,0,0,0,0,0,0,0,0,,,,
1416381053.46021,pg_catalog,pg_amproc,250,500,74348,117134,0,0,0,0,0,0,353,73082,682,165142,,,,
1416381053.46021,pg_catalog,pg_collation,0,0,0,0,0,0,0,0,0,0,0,0,0,0,,,,
1416381053.46021,pg_catalog,pg_range,0,0,4123,0,0,0,0,0,0,0,0,0,1594,6652,,,,
1416381053.46021,pg_toast,pg_toast_2609,0,0,0,0,0,0,0,0,0,0,0,0,0,0,,,,
1416381053.46021,pg_catalog,pg_opclass,250,250,102457,1149042,0,0,0,0,0,0,829,456626,1661,124968,,,,
1416381053.46021,information_schema,sql_packages,0,0,,,0,0,0,0,0,0,0,0,,,0,0,0,0
1416381053.46021,pg_catalog,pg_rewrite,0,0,3888,3006,294,0,294,0,110,35,1953,3524,923,5709,891,980,536,4396
1416381053.46021,pg_toast,pg_toast_1255,0,0,0,0,0,0,0,0,0,0,0,0,0,0,,,,
1416381053.46021,pg_catalog,pg_seclabel,0,0,2284,0,0,0,0,0,0,0,0,0,200,2084,0,0,0,0
1416381053.46021,pg_toast,pg_toast_12335,0,0,0,0,0,0,0,0,0,0,0,0,0,0,,,,
1416381053.46021,pg_catalog,pg_ts_parser,0,0,0,0,0,0,0,0,0,0,0,0,0,0,,,,
1416381053.46021,pg_catalog,pg_trigger,0,0,0,0,0,0,0,0,0,0,0,0,0,0,0,0,0,0
1416381053.46021,public,region,2,10,0,0,5,0,0,0,5,0,1,3,0,0,,,,
1416381053.46021,pg_toast,pg_toast_12340,0,0,0,0,0,0,0,0,0,0,0,0,0,0,,,,
1416381053.46021,pg_catalog,pg_shseclabel,0,0,0,0,0,0,0,0,0,0,0,0,0,0,,,,
1416381053.46021,pg_catalog,pg_event_trigger,0,0,819,0,0,0,0,0,0,0,0,0,236,583,,,,
1416381053.46021,information_schema,sql_features,0,0,,,0,0,0,0,0,0,0,0,,,0,0,0,0
1416381053.46021,public,orders,4,60000000,0,0,15000000,0,0,0,15000000,0,504554,1558780,0,0,,,,
1416381053.46021,information_schema,sql_languages,0,0,,,0,0,0,0,0,0,0,0,,,0,0,0,0
1416381053.46021,pg_catalog,pg_foreign_table,0,0,0,0,0,0,0,0,0,0,0,0,0,0,,,,
1416381053.46021,pg_catalog,pg_extension,0,0,0,0,0,0,0,0,0,0,0,0,0,0,,,,
1416381053.46021,pg_catalog,pg_ts_config,0,0,0,0,0,0,0,0,0,0,0,0,0,0,,,,
1416381053.46021,pg_catalog,pg_shdescription,0,0,0,0,0,0,0,0,0,0,0,0,0,0,0,0,0,0
1416381053.46021,public,time_statistics,0,0,,,1,0,0,0,1,0,1,0,,,,,,
1416381053.46021,pg_catalog,pg_cast,0,0,569477,134676,0,0,0,0,0,0,780,133896,479,585186,,,,
1416381053.46021,pg_catalog,pg_amop,0,0,152148,222013,0,0,0,0,0,0,1154,220859,2515,321622,,,,
1416381053.46021,pg_catalog,pg_user_mapping,0,0,0,0,0,0,0,0,0,0,0,0,0,0,,,,
1416381053.46021,pg_toast,pg_toast_12315,0,0,0,0,0,0,0,0,0,0,0,0,0,0,,,,
1416381053.46021,pg_catalog,pg_type,0,0,402379,398451,1034,0,1034,0,360,37,2637,400392,3908,826746,,,,
1416381053.46021,pg_catalog,pg_largeobject,0,0,0,0,0,0,0,0,0,0,0,0,0,0,,,,
1416381053.46021,information_schema,sql_parts,0,0,,,0,0,0,0,0,0,0,0,,,0,0,0,0
1416381053.46021,pg_catalog,pg_ts_config_map,0,0,0,0,0,0,0,0,0,0,0,0,0,0,,,,
1416381053.46021,pg_catalog,pg_largeobject_metadata,0,0,0,0,0,0,0,0,0,0,0,0,0,0,,,,
1416381053.46021,pg_catalog,pg_am,17493,17493,0,0,0,0,0,0,0,0,255,17238,0,0,,,,
1416381053.46021,pg_catalog,pg_ts_template,0,0,0,0,0,0,0,0,0,0,0,0,0,0,,,,
1416381053.46021,pg_catalog,pg_foreign_server,0,0,0,0,0,0,0,0,0,0,0,0,0,0,,,,
1416381053.46021,pg_catalog,pg_namespace,638,53796,88784,72146,2,0,0,0,2,0,381,73044,1124,105472,,,,
1416381053.46021,pg_toast,pg_toast_2619,0,0,71736,239472,2498,0,2302,0,219,12,23103,93439,976,99482,,,,
1416381053.46021,pg_catalog,pg_authid,359,359,33495,33495,0,0,0,0,0,0,219,33635,1008,65982,,,,
1416381053.46021,pg_catalog,pg_default_acl,0,0,2084,0,0,0,0,0,0,0,0,0,219,1865,,,,
1416381053.46021,pg_catalog,pg_shdepend,0,0,2807,523,0,0,0,0,0,0,236,287,884,2965,,,,
1416381053.46021,pg_catalog,pg_constraint,0,0,127,64,63,0,64,0,9,24,35,357,64,635,0,0,0,0
1416381053.46021,information_schema,sql_implementation_info,0,0,,,0,0,0,0,0,0,0,0,,,0,0,0,0
1416381053.46021,pg_catalog,pg_index,2336,206170,189759,269389,365,0,371,0,137,63,2321,271157,1260,216973,,,,
1416381053.46021,pg_catalog,pg_ts_dict,0,0,0,0,0,0,0,0,0,0,0,0,0,0,,,,
1416381053.46021,pg_toast,pg_toast_2604,0,0,0,0,0,0,0,0,0,0,0,0,0,0,,,,
1416381053.46021,pg_toast,pg_toast_12325,0,0,0,0,0,0,0,0,0,0,0,0,0,0,,,,
1416381053.46021,information_schema,sql_sizing,0,0,,,0,0,0,0,0,0,0,0,,,0,0,0,0
1416381053.46021,pg_catalog,pg_proc,0,0,148047,219425,0,0,0,0,0,0,12819,146544,6279,321836,0,0,0,0
1416381113.4652,pg_catalog,pg_attrdef,0,0,0,0,0,0,0,0,0,0,0,0,0,0,0,0,0,0
1416381113.4652,pg_catalog,pg_db_role_setting,0,0,70404,0,0,0,0,0,0,0,0,0,219,70185,0,0,0,0
1416381113.4652,pg_catalog,pg_rowsecurity,0,0,0,0,0,0,0,0,0,0,0,0,0,0,,,,
1416381113.4652,pg_catalog,pg_description,0,0,2284,0,0,0,0,0,0,0,0,0,612,4477,0,0,0,0
1416381113.4652,pg_catalog,pg_foreign_data_wrapper,0,0,0,0,0,0,0,0,0,0,0,0,0,0,,,,
1416381113.4652,pg_catalog,pg_conversion,0,0,0,0,0,0,0,0,0,0,0,0,0,0,,,,
1416381113.4652,public,customer,6,9000000,0,0,1500000,0,0,0,1500000,0,68533,294857,0,0,,,,
1416381113.4652,pg_catalog,pg_class,5025,1065458,408312,371347,886,294,892,285,331,0,5338,424048,3780,854402,,,,
1416381113.4652,public,partsupp,3,24000000,0,0,8000000,0,0,0,8000000,0,340611,954509,0,0,,,,
1416381113.4652,pg_catalog,pg_opfamily,0,0,0,0,0,0,0,0,0,0,0,0,0,0,,,,
1416381113.4652,pg_catalog,pg_auth_members,0,0,0,0,0,0,0,0,0,0,0,0,0,0,,,,
1416381113.4652,pg_catalog,pg_operator,0,0,130780,690845,0,0,0,0,0,0,3706,477403,3227,283275,,,,
1416381113.4652,pg_toast,pg_toast_12345,0,0,0,0,0,0,0,0,0,0,0,0,0,0,,,,
1416381113.4652,pg_catalog,pg_attribute,1375,9375,338364,766298,3176,78,3188,78,2502,8,13063,374249,3114,706717,,,,
1416381113.4652,pg_catalog,pg_tablespace,0,0,11987,11987,0,0,0,0,0,0,353,11634,728,23290,,,,
1416381113.4652,pg_catalog,pg_statistic,0,0,94967,91833,656,2051,675,1930,448,70,9583,88326,1090,202692,23103,93442,976,99491
1416381113.4652,public,part,6,12000000,0,0,2000000,0,0,0,2000000,0,79007,327715,0,0,,,,
1416381113.4652,pg_catalog,pg_aggregate,0,0,9122,9122,0,0,0,0,0,0,678,8444,1535,14354,,,,
1416381113.4652,pg_catalog,pg_inherits,0,0,521,0,0,0,0,0,0,0,0,0,212,309,,,,
1416381113.4652,pg_catalog,pg_enum,0,0,0,0,0,0,0,0,0,0,0,0,0,0,,,,
1416381113.4652,pg_toast,pg_toast_2396,0,0,0,0,0,0,0,0,0,0,0,0,0,0,,,,
1416381113.4652,pg_catalog,pg_pltemplate,0,0,0,0,0,0,0,0,0,0,0,0,0,0,,,,
1416381113.4652,pg_toast,pg_toast_2618,0,0,1534,4900,0,0,0,0,0,0,891,985,268,2204,,,,
1416381113.4652,pg_toast,pg_toast_3596,0,0,0,0,0,0,0,0,0,0,0,0,0,0,,,,
1416381113.4652,pg_toast,pg_toast_2606,0,0,0,0,0,0,0,0,0,0,0,0,0,0,,,,
1416381113.4652,pg_toast,pg_toast_2964,0,0,0,0,0,0,0,0,0,0,0,0,0,0,,,,
1416381113.4652,pg_toast,pg_toast_12330,0,0,0,0,0,0,0,0,0,0,0,0,0,0,,,,
1416381113.4652,pg_catalog,pg_database,1234,4750,57099,57099,0,0,0,0,0,0,168,58165,981,91289,,,,
1416381113.4652,public,lineitem,2,119972104,0,0,59986052,0,0,0,59986052,0,2382952,3121447,0,0,,,,
1416381113.4652,information_schema,sql_sizing_profiles,0,0,,,0,0,0,0,0,0,0,0,,,0,0,0,0
1416381113.4652,public,supplier,4,400000,0,0,100000,0,0,0,100000,0,2312,15648,0,0,,,,
1416381113.4652,pg_toast,pg_toast_2620,0,0,0,0,0,0,0,0,0,0,0,0,0,0,,,,
1416381113.4652,pg_catalog,pg_depend,0,0,21483,23105,3937,0,3954,0,6668,1321,3869,27598,5388,55721,,,,
1416381113.4652,public,nation,2,50,0,0,25,0,0,0,25,0,1,3,0,0,,,,
1416381113.4652,pg_catalog,pg_language,0,0,0,0,0,0,0,0,0,0,0,0,0,0,,,,
1416381113.4652,pg_toast,pg_toast_12320,0,0,0,0,0,0,0,0,0,0,0,0,0,0,,,,
1416381113.4652,pg_catalog,pg_amproc,250,500,74360,117152,0,0,0,0,0,0,353,73094,682,165169,,,,
1416381113.4652,pg_catalog,pg_collation,0,0,0,0,0,0,0,0,0,0,0,0,0,0,,,,
1416381113.4652,pg_catalog,pg_range,0,0,4123,0,0,0,0,0,0,0,0,0,1594,6652,,,,
1416381113.4652,pg_toast,pg_toast_2609,0,0,0,0,0,0,0,0,0,0,0,0,0,0,,,,
1416381113.4652,pg_catalog,pg_opclass,250,250,102471,1149223,0,0,0,0,0,0,829,456692,1661,124988,,,,
1416381113.4652,information_schema,sql_packages,0,0,,,0,0,0,0,0,0,0,0,,,0,0,0,0
1416381113.4652,pg_catalog,pg_rewrite,0,0,3894,3012,294,0,294,0,110,35,1953,3530,923,5719,891,985,536,4408
1416381113.4652,pg_toast,pg_toast_1255,0,0,0,0,0,0,0,0,0,0,0,0,0,0,,,,
1416381113.4652,pg_catalog,pg_seclabel,0,0,2284,0,0,0,0,0,0,0,0,0,200,2084,0,0,0,0
1416381113.4652,pg_toast,pg_toast_12335,0,0,0,0,0,0,0,0,0,0,0,0,0,0,,,,
1416381113.4652,pg_catalog,pg_ts_parser,0,0,0,0,0,0,0,0,0,0,0,0,0,0,,,,
1416381113.4652,pg_catalog,pg_trigger,0,0,0,0,0,0,0,0,0,0,0,0,0,0,0,0,0,0
1416381113.4652,public,region,2,10,0,0,5,0,0,0,5,0,1,3,0,0,,,,
1416381113.4652,pg_toast,pg_toast_12340,0,0,0,0,0,0,0,0,0,0,0,0,0,0,,,,
1416381113.4652,pg_catalog,pg_shseclabel,0,0,0,0,0,0,0,0,0,0,0,0,0,0,,,,
1416381113.4652,pg_catalog,pg_event_trigger,0,0,819,0,0,0,0,0,0,0,0,0,236,583,,,,
1416381113.4652,information_schema,sql_features,0,0,,,0,0,0,0,0,0,0,0,,,0,0,0,0
1416381113.4652,public,orders,4,60000000,0,0,15000000,0,0,0,15000000,0,504554,1558780,0,0,,,,
1416381113.4652,information_schema,sql_languages,0,0,,,0,0,0,0,0,0,0,0,,,0,0,0,0
1416381113.4652,pg_catalog,pg_foreign_table,0,0,0,0,0,0,0,0,0,0,0,0,0,0,,,,
1416381113.4652,pg_catalog,pg_extension,0,0,0,0,0,0,0,0,0,0,0,0,0,0,,,,
1416381113.4652,pg_catalog,pg_ts_config,0,0,0,0,0,0,0,0,0,0,0,0,0,0,,,,
1416381113.4652,pg_catalog,pg_shdescription,0,0,0,0,0,0,0,0,0,0,0,0,0,0,0,0,0,0
1416381113.4652,public,time_statistics,0,0,,,1,0,0,0,1,0,1,0,,,,,,
1416381113.4652,pg_catalog,pg_cast,0,0,569539,134699,0,0,0,0,0,0,780,133919,479,585252,,,,
1416381113.4652,pg_catalog,pg_amop,0,0,152175,222046,0,0,0,0,0,0,1154,220892,2515,321682,,,,
1416381113.4652,pg_catalog,pg_user_mapping,0,0,0,0,0,0,0,0,0,0,0,0,0,0,,,,
1416381113.4652,pg_toast,pg_toast_12315,0,0,0,0,0,0,0,0,0,0,0,0,0,0,,,,
1416381113.4652,pg_catalog,pg_type,0,0,402455,398527,1034,0,1034,0,360,37,2637,400468,3908,826902,,,,
1416381113.4652,pg_catalog,pg_largeobject,0,0,0,0,0,0,0,0,0,0,0,0,0,0,,,,
1416381113.4652,information_schema,sql_parts,0,0,,,0,0,0,0,0,0,0,0,,,0,0,0,0
1416381113.4652,pg_catalog,pg_ts_config_map,0,0,0,0,0,0,0,0,0,0,0,0,0,0,,,,
1416381113.4652,pg_catalog,pg_largeobject_metadata,0,0,0,0,0,0,0,0,0,0,0,0,0,0,,,,
1416381113.4652,pg_catalog,pg_am,17496,17496,0,0,0,0,0,0,0,0,255,17241,0,0,,,,
1416381113.4652,pg_catalog,pg_ts_template,0,0,0,0,0,0,0,0,0,0,0,0,0,0,,,,
1416381113.4652,pg_catalog,pg_foreign_server,0,0,0,0,0,0,0,0,0,0,0,0,0,0,,,,
1416381113.4652,pg_catalog,pg_namespace,640,53968,88934,72292,2,0,0,0,2,0,381,73194,1124,105629,,,,
1416381113.4652,pg_toast,pg_toast_2619,0,0,71739,239478,2498,0,2302,0,219,12,23103,93442,976,99491,,,,
1416381113.4652,pg_catalog,pg_authid,360,360,33505,33505,0,0,0,0,0,0,219,33646,1008,66002,,,,
1416381113.4652,pg_catalog,pg_default_acl,0,0,2084,0,0,0,0,0,0,0,0,0,219,1865,,,,
1416381113.4652,pg_catalog,pg_shdepend,0,0,2807,523,0,0,0,0,0,0,236,287,884,2965,,,,
1416381113.4652,pg_catalog,pg_constraint,0,0,127,64,63,0,64,0,9,24,35,357,64,635,0,0,0,0
1416381113.4652,information_schema,sql_implementation_info,0,0,,,0,0,0,0,0,0,0,0,,,0,0,0,0
1416381113.4652,pg_catalog,pg_index,2341,206855,189795,269436,365,0,371,0,137,63,2321,271228,1260,217016,,,,
1416381113.4652,pg_catalog,pg_ts_dict,0,0,0,0,0,0,0,0,0,0,0,0,0,0,,,,
1416381113.4652,pg_toast,pg_toast_2604,0,0,0,0,0,0,0,0,0,0,0,0,0,0,,,,
1416381113.4652,pg_toast,pg_toast_12325,0,0,0,0,0,0,0,0,0,0,0,0,0,0,,,,
1416381113.4652,information_schema,sql_sizing,0,0,,,0,0,0,0,0,0,0,0,,,0,0,0,0
1416381113.4652,pg_catalog,pg_proc,0,0,148119,219525,0,0,0,0,0,0,12819,146632,6279,321988,0,0,0,0
1416381173.46787,pg_catalog,pg_attrdef,0,0,0,0,0,0,0,0,0,0,0,0,0,0,0,0,0,0
1416381173.46787,pg_catalog,pg_db_role_setting,0,0,70432,0,0,0,0,0,0,0,0,0,219,70213,0,0,0,0
1416381173.46787,pg_catalog,pg_rowsecurity,0,0,0,0,0,0,0,0,0,0,0,0,0,0,,,,
1416381173.46787,pg_catalog,pg_description,0,0,2284,0,0,0,0,0,0,0,0,0,612,4477,0,0,0,0
1416381173.46787,pg_catalog,pg_foreign_data_wrapper,0,0,0,0,0,0,0,0,0,0,0,0,0,0,,,,
1416381173.46787,pg_catalog,pg_conversion,0,0,0,0,0,0,0,0,0,0,0,0,0,0,,,,
1416381173.46787,public,customer,6,9000000,0,0,1500000,0,0,0,1500000,0,68533,294857,0,0,,,,
1416381173.46787,pg_catalog,pg_class,5035,1068454,408669,371701,887,294,892,285,332,0,5338,424538,3780,855140,,,,
1416381173.46787,public,partsupp,3,24000000,0,0,8000000,0,0,0,8000000,0,340611,954509,0,0,,,,
1416381173.46787,pg_catalog,pg_opfamily,0,0,0,0,0,0,0,0,0,0,0,0,0,0,,,,
1416381173.46787,pg_catalog,pg_auth_members,0,0,0,0,0,0,0,0,0,0,0,0,0,0,,,,
1416381173.46787,pg_catalog,pg_operator,0,0,130797,690862,0,0,0,0,0,0,3706,477420,3227,283317,,,,
1416381173.46787,pg_toast,pg_toast_12345,0,0,0,0,0,0,0,0,0,0,0,0,0,0,,,,
1416381173.46787,pg_catalog,pg_attribute,1375,9375,338583,766722,3179,78,3188,78,2505,8,13063,374486,3114,707176,,,,
1416381173.46787,pg_catalog,pg_tablespace,0,0,11992,11992,0,0,0,0,0,0,353,11639,728,23300,,,,
1416381173.46787,pg_catalog,pg_statistic,0,0,94992,91852,656,2051,675,1930,448,70,9583,88345,1090,202747,23103,93445,976,99500
1416381173.46787,public,part,6,12000000,0,0,2000000,0,0,0,2000000,0,79007,327715,0,0,,,,
1416381173.46787,pg_catalog,pg_aggregate,0,0,9123,9123,0,0,0,0,0,0,678,8445,1535,14356,,,,
1416381173.46787,pg_catalog,pg_inherits,0,0,521,0,0,0,0,0,0,0,0,0,212,309,,,,
1416381173.46787,pg_catalog,pg_enum,0,0,0,0,0,0,0,0,0,0,0,0,0,0,,,,
1416381173.46787,pg_toast,pg_toast_2396,0,0,0,0,0,0,0,0,0,0,0,0,0,0,,,,
1416381173.46787,pg_catalog,pg_pltemplate,0,0,0,0,0,0,0,0,0,0,0,0,0,0,,,,
1416381173.46787,pg_toast,pg_toast_2618,0,0,1539,4916,0,0,0,0,0,0,891,991,268,2212,,,,
1416381173.46787,pg_toast,pg_toast_3596,0,0,0,0,0,0,0,0,0,0,0,0,0,0,,,,
1416381173.46787,pg_toast,pg_toast_2606,0,0,0,0,0,0,0,0,0,0,0,0,0,0,,,,
1416381173.46787,pg_toast,pg_toast_2964,0,0,0,0,0,0,0,0,0,0,0,0,0,0,,,,
1416381173.46787,pg_toast,pg_toast_12330,0,0,0,0,0,0,0,0,0,0,0,0,0,0,,,,
1416381173.46787,pg_catalog,pg_database,1237,4762,57132,57132,0,0,0,0,0,0,168,58201,981,91336,,,,
1416381173.46787,public,lineitem,3,179958156,0,0,59986052,0,0,0,59986052,0,2899953,3669863,0,0,,,,
1416381173.46787,information_schema,sql_sizing_profiles,0,0,,,0,0,0,0,0,0,0,0,,,0,0,0,0
1416381173.46787,public,supplier,4,400000,0,0,100000,0,0,0,100000,0,2312,15648,0,0,,,,
1416381173.46787,pg_toast,pg_toast_2620,0,0,0,0,0,0,0,0,0,0,0,0,0,0,,,,
1416381173.46787,pg_catalog,pg_depend,0,0,21489,23111,3940,0,3954,0,6671,1321,3869,27610,5388,55747,,,,
1416381173.46787,public,nation,2,50,0,0,25,0,0,0,25,0,1,3,0,0,,,,
1416381173.46787,pg_catalog,pg_language,0,0,0,0,0,0,0,0,0,0,0,0,0,0,,,,
1416381173.46787,pg_toast,pg_toast_12320,0,0,0,0,0,0,0,0,0,0,0,0,0,0,,,,
1416381173.46787,pg_catalog,pg_amproc,250,500,74380,117184,0,0,0,0,0,0,353,73114,682,165215,,,,
1416381173.46787,pg_catalog,pg_collation,0,0,0,0,0,0,0,0,0,0,0,0,0,0,,,,
1416381173.46787,pg_catalog,pg_range,0,0,4123,0,0,0,0,0,0,0,0,0,1594,6652,,,,
1416381173.46787,pg_toast,pg_toast_2609,0,0,0,0,0,0,0,0,0,0,0,0,0,0,,,,
1416381173.46787,pg_catalog,pg_opclass,250,250,102498,1149546,0,0,0,0,0,0,829,456807,1661,125025,,,,
1416381173.46787,information_schema,sql_packages,0,0,,,0,0,0,0,0,0,0,0,,,0,0,0,0
1416381173.46787,pg_catalog,pg_rewrite,0,0,3901,3019,294,0,294,0,110,35,1953,3537,923,5731,891,991,536,4424
1416381173.46787,pg_toast,pg_toast_1255,0,0,0,0,0,0,0,0,0,0,0,0,0,0,,,,
1416381173.46787,pg_catalog,pg_seclabel,0,0,2284,0,0,0,0,0,0,0,0,0,200,2084,0,0,0,0
1416381173.46787,pg_toast,pg_toast_12335,0,0,0,0,0,0,0,0,0,0,0,0,0,0,,,,
1416381173.46787,pg_catalog,pg_ts_parser,0,0,0,0,0,0,0,0,0,0,0,0,0,0,,,,
1416381173.46787,pg_catalog,pg_trigger,0,0,0,0,0,0,0,0,0,0,0,0,0,0,0,0,0,0
1416381173.46787,public,region,2,10,0,0,5,0,0,0,5,0,1,3,0,0,,,,
1416381173.46787,pg_toast,pg_toast_12340,0,0,0,0,0,0,0,0,0,0,0,0,0,0,,,,
1416381173.46787,pg_catalog,pg_shseclabel,0,0,0,0,0,0,0,0,0,0,0,0,0,0,,,,
1416381173.46787,pg_catalog,pg_event_trigger,0,0,820,0,0,0,0,0,0,0,0,0,236,584,,,,
1416381173.46787,information_schema,sql_features,0,0,,,0,0,0,0,0,0,0,0,,,0,0,0,0
1416381173.46787,public,orders,4,60000000,0,0,15000000,0,0,0,15000000,0,504554,1558780,0,0,,,,
1416381173.46787,information_schema,sql_languages,0,0,,,0,0,0,0,0,0,0,0,,,0,0,0,0
1416381173.46787,pg_catalog,pg_foreign_table,0,0,0,0,0,0,0,0,0,0,0,0,0,0,,,,
1416381173.46787,pg_catalog,pg_extension,0,0,0,0,0,0,0,0,0,0,0,0,0,0,,,,
1416381173.46787,pg_catalog,pg_ts_config,0,0,0,0,0,0,0,0,0,0,0,0,0,0,,,,
1416381173.46787,pg_catalog,pg_shdescription,0,0,0,0,0,0,0,0,0,0,0,0,0,0,0,0,0,0
1416381173.46787,public,time_statistics,0,0,,,1,0,0,0,1,0,1,0,,,,,,
1416381173.46787,pg_catalog,pg_cast,0,0,569634,134734,0,0,0,0,0,0,780,133954,479,585353,,,,
1416381173.46787,pg_catalog,pg_amop,0,0,152208,222087,0,0,0,0,0,0,1154,220933,2515,321756,,,,
1416381173.46787,pg_catalog,pg_user_mapping,0,0,0,0,0,0,0,0,0,0,0,0,0,0,,,,
1416381173.46787,pg_toast,pg_toast_12315,0,0,0,0,0,0,0,0,0,0,0,0,0,0,,,,
1416381173.46787,pg_catalog,pg_type,0,0,402550,398622,1034,0,1034,0,360,37,2637,400563,3908,827098,,,,
1416381173.46787,pg_catalog,pg_largeobject,0,0,0,0,0,0,0,0,0,0,0,0,0,0,,,,
1416381173.46787,information_schema,sql_parts,0,0,,,0,0,0,0,0,0,0,0,,,0,0,0,0
1416381173.46787,pg_catalog,pg_ts_config_map,0,0,0,0,0,0,0,0,0,0,0,0,0,0,,,,
1416381173.46787,pg_catalog,pg_largeobject_metadata,0,0,0,0,0,0,0,0,0,0,0,0,0,0,,,,
1416381173.46787,pg_catalog,pg_am,17503,17503,0,0,0,0,0,0,0,0,255,17248,0,0,,,,
1416381173.46787,pg_catalog,pg_ts_template,0,0,0,0,0,0,0,0,0,0,0,0,0,0,,,,
1416381173.46787,pg_catalog,pg_foreign_server,0,0,0,0,0,0,0,0,0,0,0,0,0,0,,,,
1416381173.46787,pg_catalog,pg_namespace,642,54140,89089,72441,2,0,0,0,2,0,381,73347,1124,105793,,,,
1416381173.46787,pg_toast,pg_toast_2619,0,0,71742,239484,2498,0,2302,0,219,12,23103,93445,976,99500,,,,
1416381173.46787,pg_catalog,pg_authid,361,361,33515,33515,0,0,0,0,0,0,219,33657,1008,66022,,,,
1416381173.46787,pg_catalog,pg_default_acl,0,0,2084,0,0,0,0,0,0,0,0,0,219,1865,,,,
1416381173.46787,pg_catalog,pg_shdepend,0,0,2807,523,0,0,0,0,0,0,236,287,884,2965,,,,
1416381173.46787,pg_catalog,pg_constraint,0,0,127,64,63,0,64,0,9,24,35,357,64,635,0,0,0,0
1416381173.46787,information_schema,sql_implementation_info,0,0,,,0,0,0,0,0,0,0,0,,,0,0,0,0
1416381173.46787,pg_catalog,pg_index,2346,207540,189848,269507,366,0,371,0,138,63,2321,271320,1260,217083,,,,
1416381173.46787,pg_catalog,pg_ts_dict,0,0,0,0,0,0,0,0,0,0,0,0,0,0,,,,
1416381173.46787,pg_toast,pg_toast_2604,0,0,0,0,0,0,0,0,0,0,0,0,0,0,,,,
1416381173.46787,pg_toast,pg_toast_12325,0,0,0,0,0,0,0,0,0,0,0,0,0,0,,,,
1416381173.46787,information_schema,sql_sizing,0,0,,,0,0,0,0,0,0,0,0,,,0,0,0,0
1416381173.46787,pg_catalog,pg_proc,0,0,148197,219638,0,0,0,0,0,0,12819,146730,6279,322154,0,0,0,0
1416381233.46772,pg_catalog,pg_attrdef,0,0,0,0,0,0,0,0,0,0,0,0,0,0,0,0,0,0
1416381233.46772,pg_catalog,pg_db_role_setting,0,0,70460,0,0,0,0,0,0,0,0,0,219,70241,0,0,0,0
1416381233.46772,pg_catalog,pg_rowsecurity,0,0,0,0,0,0,0,0,0,0,0,0,0,0,,,,
1416381233.46772,pg_catalog,pg_description,0,0,2284,0,0,0,0,0,0,0,0,0,612,4477,0,0,0,0
1416381233.46772,pg_catalog,pg_foreign_data_wrapper,0,0,0,0,0,0,0,0,0,0,0,0,0,0,,,,
1416381233.46772,pg_catalog,pg_conversion,0,0,0,0,0,0,0,0,0,0,0,0,0,0,,,,
1416381233.46772,public,customer,6,9000000,0,0,1500000,0,0,0,1500000,0,68533,294857,0,0,,,,
1416381233.46772,pg_catalog,pg_class,5045,1071459,409038,372067,888,294,892,285,333,0,5338,425041,3780,855905,,,,
1416381233.46772,public,partsupp,3,24000000,0,0,8000000,0,0,0,8000000,0,340611,954509,0,0,,,,
1416381233.46772,pg_catalog,pg_opfamily,0,0,0,0,0,0,0,0,0,0,0,0,0,0,,,,
1416381233.46772,pg_catalog,pg_auth_members,0,0,0,0,0,0,0,0,0,0,0,0,0,0,,,,
1416381233.46772,pg_catalog,pg_operator,0,0,130814,690879,0,0,0,0,0,0,3706,477437,3227,283359,,,,
1416381233.46772,pg_toast,pg_toast_12345,0,0,0,0,0,0,0,0,0,0,0,0,0,0,,,,
1416381233.46772,pg_catalog,pg_attribute,1375,9375,338812,767165,3181,80,3188,80,2507,10,13063,374738,3114,707654,,,,
1416381233.46772,pg_catalog,pg_tablespace,0,0,11997,11997,0,0,0,0,0,0,353,11644,728,23310,,,,
1416381233.46772,pg_catalog,pg_statistic,0,0,95017,91871,656,2051,675,1930,448,70,9583,88364,1090,202802,23103,93448,976,99509
1416381233.46772,public,part,6,12000000,0,0,2000000,0,0,0,2000000,0,79007,327715,0,0,,,,
1416381233.46772,pg_catalog,pg_aggregate,0,0,9124,9124,0,0,0,0,0,0,678,8446,1535,14358,,,,
1416381233.46772,pg_catalog,pg_inherits,0,0,521,0,0,0,0,0,0,0,0,0,212,309,,,,
1416381233.46772,pg_catalog,pg_enum,0,0,0,0,0,0,0,0,0,0,0,0,0,0,,,,
1416381233.46772,pg_toast,pg_toast_2396,0,0,0,0,0,0,0,0,0,0,0,0,0,0,,,,
1416381233.46772,pg_catalog,pg_pltemplate,0,0,0,0,0,0,0,0,0,0,0,0,0,0,,,,
1416381233.46772,pg_toast,pg_toast_2618,0,0,1544,4932,0,0,0,0,0,0,891,997,268,2220,,,,
1416381233.46772,pg_toast,pg_toast_3596,0,0,0,0,0,0,0,0,0,0,0,0,0,0,,,,
1416381233.46772,pg_toast,pg_toast_2606,0,0,0,0,0,0,0,0,0,0,0,0,0,0,,,,
1416381233.46772,pg_toast,pg_toast_2964,0,0,0,0,0,0,0,0,0,0,0,0,0,0,,,,
1416381233.46772,pg_toast,pg_toast_12330,0,0,0,0,0,0,0,0,0,0,0,0,0,0,,,,
1416381233.46772,pg_catalog,pg_database,1240,4774,57165,57165,0,0,0,0,0,0,168,58237,981,91383,,,,
1416381233.46772,public,lineitem,5,299930260,0,0,59986052,0,0,0,59986052,0,5026139,3674511,0,0,,,,
1416381233.46772,information_schema,sql_sizing_profiles,0,0,,,0,0,0,0,0,0,0,0,,,0,0,0,0
1416381233.46772,public,supplier,4,400000,0,0,100000,0,0,0,100000,0,2312,15648,0,0,,,,
1416381233.46772,pg_toast,pg_toast_2620,0,0,0,0,0,0,0,0,0,0,0,0,0,0,,,,
1416381233.46772,pg_catalog,pg_depend,0,0,21494,23115,3943,0,3954,0,6674,1321,3869,27620,5388,55771,,,,
1416381233.46772,public,nation,2,50,0,0,25,0,0,0,25,0,1,3,0,0,,,,
1416381233.46772,pg_catalog,pg_language,0,0,0,0,0,0,0,0,0,0,0,0,0,0,,,,
1416381233.46772,pg_toast,pg_toast_12320,0,0,0,0,0,0,0,0,0,0,0,0,0,0,,,,
1416381233.46772,pg_catalog,pg_amproc,250,500,74402,117221,0,0,0,0,0,0,353,73136,682,165268,,,,
1416381233.46772,pg_catalog,pg_collation,0,0,0,0,0,0,0,0,0,0,0,0,0,0,,,,
1416381233.46772,pg_catalog,pg_range,0,0,4123,0,0,0,0,0,0,0,0,0,1594,6652,,,,
1416381233.46772,pg_toast,pg_toast_2609,0,0,0,0,0,0,0,0,0,0,0,0,0,0,,,,
1416381233.46772,pg_catalog,pg_opclass,250,250,102524,1149825,0,0,0,0,0,0,829,456909,1661,125064,,,,
1416381233.46772,information_schema,sql_packages,0,0,,,0,0,0,0,0,0,0,0,,,0,0,0,0
1416381233.46772,pg_catalog,pg_rewrite,0,0,3908,3026,294,0,294,0,110,35,1953,3544,923,5743,891,997,536,4440
1416381233.46772,pg_toast,pg_toast_1255,0,0,0,0,0,0,0,0,0,0,0,0,0,0,,,,
1416381233.46772,pg_catalog,pg_seclabel,0,0,2284,0,0,0,0,0,0,0,0,0,200,2084,0,0,0,0
1416381233.46772,pg_toast,pg_toast_12335,0,0,0,0,0,0,0,0,0,0,0,0,0,0,,,,
1416381233.46772,pg_catalog,pg_ts_parser,0,0,0,0,0,0,0,0,0,0,0,0,0,0,,,,
1416381233.46772,pg_catalog,pg_trigger,0,0,0,0,0,0,0,0,0,0,0,0,0,0,0,0,0,0
1416381233.46772,public,region,2,10,0,0,5,0,0,0,5,0,1,3,0,0,,,,
1416381233.46772,pg_toast,pg_toast_12340,0,0,0,0,0,0,0,0,0,0,0,0,0,0,,,,
1416381233.46772,pg_catalog,pg_shseclabel,0,0,0,0,0,0,0,0,0,0,0,0,0,0,,,,
1416381233.46772,pg_catalog,pg_event_trigger,0,0,821,0,0,0,0,0,0,0,0,0,236,585,,,,
1416381233.46772,information_schema,sql_features,0,0,,,0,0,0,0,0,0,0,0,,,0,0,0,0
1416381233.46772,public,orders,4,60000000,0,0,15000000,0,0,0,15000000,0,504554,1558780,0,0,,,,
1416381233.46772,information_schema,sql_languages,0,0,,,0,0,0,0,0,0,0,0,,,0,0,0,0
1416381233.46772,pg_catalog,pg_foreign_table,0,0,0,0,0,0,0,0,0,0,0,0,0,0,,,,
1416381233.46772,pg_catalog,pg_extension,0,0,0,0,0,0,0,0,0,0,0,0,0,0,,,,
1416381233.46772,pg_catalog,pg_ts_config,0,0,0,0,0,0,0,0,0,0,0,0,0,0,,,,
1416381233.46772,pg_catalog,pg_shdescription,0,0,0,0,0,0,0,0,0,0,0,0,0,0,0,0,0,0
1416381233.46772,public,time_statistics,0,0,,,1,0,0,0,1,0,1,0,,,,,,
1416381233.46772,pg_catalog,pg_cast,0,0,569716,134769,0,0,0,0,0,0,780,133989,479,585441,,,,
1416381233.46772,pg_catalog,pg_amop,0,0,152241,222128,0,0,0,0,0,0,1154,220974,2515,321830,,,,
1416381233.46772,pg_catalog,pg_user_mapping,0,0,0,0,0,0,0,0,0,0,0,0,0,0,,,,
1416381233.46772,pg_toast,pg_toast_12315,0,0,0,0,0,0,0,0,0,0,0,0,0,0,,,,
1416381233.46772,pg_catalog,pg_type,0,0,402643,398715,1034,0,1034,0,360,37,2637,400656,3908,827290,,,,
1416381233.46772,pg_catalog,pg_largeobject,0,0,0,0,0,0,0,0,0,0,0,0,0,0,,,,
1416381233.46772,information_schema,sql_parts,0,0,,,0,0,0,0,0,0,0,0,,,0,0,0,0
1416381233.46772,pg_catalog,pg_ts_config_map,0,0,0,0,0,0,0,0,0,0,0,0,0,0,,,,
1416381233.46772,pg_catalog,pg_largeobject_metadata,0,0,0,0,0,0,0,0,0,0,0,0,0,0,,,,
1416381233.46772,pg_catalog,pg_am,17513,17513,0,0,0,0,0,0,0,0,255,17258,0,0,,,,
1416381233.46772,pg_catalog,pg_ts_template,0,0,0,0,0,0,0,0,0,0,0,0,0,0,,,,
1416381233.46772,pg_catalog,pg_foreign_server,0,0,0,0,0,0,0,0,0,0,0,0,0,0,,,,
1416381233.46772,pg_catalog,pg_namespace,644,54312,89245,72591,2,0,0,0,2,0,381,73501,1124,105958,,,,
1416381233.46772,pg_toast,pg_toast_2619,0,0,71745,239490,2498,0,2302,0,219,12,23103,93448,976,99509,,,,
1416381233.46772,pg_catalog,pg_authid,362,362,33525,33525,0,0,0,0,0,0,219,33668,1008,66042,,,,
1416381233.46772,pg_catalog,pg_default_acl,0,0,2084,0,0,0,0,0,0,0,0,0,219,1865,,,,
1416381233.46772,pg_catalog,pg_shdepend,0,0,2807,523,0,0,0,0,0,0,236,287,884,2965,,,,
1416381233.46772,pg_catalog,pg_constraint,0,0,128,64,64,0,64,0,10,24,35,361,64,644,0,0,0,0
1416381233.46772,information_schema,sql_implementation_info,0,0,,,0,0,0,0,0,0,0,0,,,0,0,0,0
1416381233.46772,pg_catalog,pg_index,2351,208230,189912,269594,367,0,371,0,139,63,2321,271425,1260,217164,,,,
1416381233.46772,pg_catalog,pg_ts_dict,0,0,0,0,0,0,0,0,0,0,0,0,0,0,,,,
1416381233.46772,pg_toast,pg_toast_2604,0,0,0,0,0,0,0,0,0,0,0,0,0,0,,,,
1416381233.46772,pg_toast,pg_toast_12325,0,0,0,0,0,0,0,0,0,0,0,0,0,0,,,,
1416381233.46772,information_schema,sql_sizing,0,0,,,0,0,0,0,0,0,0,0,,,0,0,0,0
1416381233.46772,pg_catalog,pg_proc,0,0,148275,219751,0,0,0,0,0,0,12819,146828,6279,322320,0,0,0,0
1416381293.46939,pg_catalog,pg_attrdef,0,0,0,0,0,0,0,0,0,0,0,0,0,0,0,0,0,0
1416381293.46939,pg_catalog,pg_db_role_setting,0,0,70488,0,0,0,0,0,0,0,0,0,219,70269,0,0,0,0
1416381293.46939,pg_catalog,pg_rowsecurity,0,0,0,0,0,0,0,0,0,0,0,0,0,0,,,,
1416381293.46939,pg_catalog,pg_description,0,0,2284,0,0,0,0,0,0,0,0,0,612,4477,0,0,0,0
1416381293.46939,pg_catalog,pg_foreign_data_wrapper,0,0,0,0,0,0,0,0,0,0,0,0,0,0,,,,
1416381293.46939,pg_catalog,pg_conversion,0,0,0,0,0,0,0,0,0,0,0,0,0,0,,,,
1416381293.46939,public,customer,6,9000000,0,0,1500000,0,0,0,1500000,0,68533,294857,0,0,,,,
1416381293.46939,pg_catalog,pg_class,5055,1074473,409416,372439,890,294,892,285,335,0,5338,425554,3780,856693,,,,
1416381293.46939,public,partsupp,3,24000000,0,0,8000000,0,0,0,8000000,0,340611,954509,0,0,,,,
1416381293.46939,pg_catalog,pg_opfamily,0,0,0,0,0,0,0,0,0,0,0,0,0,0,,,,
1416381293.46939,pg_catalog,pg_auth_members,0,0,0,0,0,0,0,0,0,0,0,0,0,0,,,,
1416381293.46939,pg_catalog,pg_operator,0,0,130835,690900,0,0,0,0,0,0,3706,477458,3227,283413,,,,
1416381293.46939,pg_toast,pg_toast_12345,0,0,0,0,0,0,0,0,0,0,0,0,0,0,,,,
1416381293.46939,pg_catalog,pg_attribute,1375,9375,339041,767623,3183,80,3188,80,2509,10,13063,374989,3114,708130,,,,
1416381293.46939,pg_catalog,pg_tablespace,0,0,12002,12002,0,0,0,0,0,0,353,11649,728,23320,,,,
1416381293.46939,pg_catalog,pg_statistic,0,0,95042,91890,656,2051,675,1930,448,70,9583,88383,1090,202857,23103,93451,976,99518
1416381293.46939,public,part,6,12000000,0,0,2000000,0,0,0,2000000,0,79007,327715,0,0,,,,
1416381293.46939,pg_catalog,pg_aggregate,0,0,9125,9125,0,0,0,0,0,0,678,8447,1535,14360,,,,
1416381293.46939,pg_catalog,pg_inherits,0,0,521,0,0,0,0,0,0,0,0,0,212,309,,,,
1416381293.46939,pg_catalog,pg_enum,0,0,0,0,0,0,0,0,0,0,0,0,0,0,,,,
1416381293.46939,pg_toast,pg_toast_2396,0,0,0,0,0,0,0,0,0,0,0,0,0,0,,,,
1416381293.46939,pg_catalog,pg_pltemplate,0,0,0,0,0,0,0,0,0,0,0,0,0,0,,,,
1416381293.46939,pg_toast,pg_toast_2618,0,0,1549,4948,0,0,0,0,0,0,891,1003,268,2228,,,,
1416381293.46939,pg_toast,pg_toast_3596,0,0,0,0,0,0,0,0,0,0,0,0,0,0,,,,
1416381293.46939,pg_toast,pg_toast_2606,0,0,0,0,0,0,0,0,0,0,0,0,0,0,,,,
1416381293.46939,pg_toast,pg_toast_2964,0,0,0,0,0,0,0,0,0,0,0,0,0,0,,,,
1416381293.46939,pg_toast,pg_toast_12330,0,0,0,0,0,0,0,0,0,0,0,0,0,0,,,,
1416381293.46939,pg_catalog,pg_database,1243,4786,57197,57197,0,0,0,0,0,0,168,58272,981,91429,,,,
1416381293.46939,public,lineitem,7,419902364,0,0,59986052,0,0,0,59986052,0,6561399,4270085,0,0,,,,
1416381293.46939,information_schema,sql_sizing_profiles,0,0,,,0,0,0,0,0,0,0,0,,,0,0,0,0
1416381293.46939,public,supplier,4,400000,0,0,100000,0,0,0,100000,0,2312,15648,0,0,,,,
1416381293.46939,pg_toast,pg_toast_2620,0,0,0,0,0,0,0,0,0,0,0,0,0,0,,,,
1416381293.46939,pg_catalog,pg_depend,0,0,21505,23126,3949,0,3954,0,6680,1321,3869,27643,5389,55820,,,,
1416381293.46939,public,nation,2,50,0,0,25,0,0,0,25,0,1,3,0,0,,,,
1416381293.46939,pg_catalog,pg_language,0,0,0,0,0,0,0,0,0,0,0,0,0,0,,,,
1416381293.46939,pg_toast,pg_toast_12320,0,0,0,0,0,0,0,0,0,0,0,0,0,0,,,,
1416381293.46939,pg_catalog,pg_amproc,250,500,74421,117252,0,0,0,0,0,0,353,73155,682,165312,,,,
1416381293.46939,pg_catalog,pg_collation,0,0,0,0,0,0,0,0,0,0,0,0,0,0,,,,
1416381293.46939,pg_catalog,pg_range,0,0,4123,0,0,0,0,0,0,0,0,0,1594,6652,,,,
1416381293.46939,pg_toast,pg_toast_2609,0,0,0,0,0,0,0,0,0,0,0,0,0,0,,,,
1416381293.46939,pg_catalog,pg_opclass,250,250,102548,1150102,0,0,0,0,0,0,829,457009,1661,125099,,,,
1416381293.46939,information_schema,sql_packages,0,0,,,0,0,0,0,0,0,0,0,,,0,0,0,0
1416381293.46939,pg_catalog,pg_rewrite,0,0,3915,3033,294,0,294,0,110,35,1953,3551,923,5755,891,1003,536,4456
1416381293.46939,pg_toast,pg_toast_1255,0,0,0,0,0,0,0,0,0,0,0,0,0,0,,,,
1416381293.46939,pg_catalog,pg_seclabel,0,0,2284,0,0,0,0,0,0,0,0,0,200,2084,0,0,0,0
1416381293.46939,pg_toast,pg_toast_12335,0,0,0,0,0,0,0,0,0,0,0,0,0,0,,,,
1416381293.46939,pg_catalog,pg_ts_parser,0,0,0,0,0,0,0,0,0,0,0,0,0,0,,,,
1416381293.46939,pg_catalog,pg_trigger,0,0,0,0,0,0,0,0,0,0,0,0,0,0,0,0,0,0
1416381293.46939,public,region,2,10,0,0,5,0,0,0,5,0,1,3,0,0,,,,
1416381293.46939,pg_toast,pg_toast_12340,0,0,0,0,0,0,0,0,0,0,0,0,0,0,,,,
1416381293.46939,pg_catalog,pg_shseclabel,0,0,0,0,0,0,0,0,0,0,0,0,0,0,,,,
1416381293.46939,pg_catalog,pg_event_trigger,0,0,823,0,0,0,0,0,0,0,0,0,236,587,,,,
1416381293.46939,information_schema,sql_features,0,0,,,0,0,0,0,0,0,0,0,,,0,0,0,0
1416381293.46939,public,orders,4,60000000,0,0,15000000,0,0,0,15000000,0,504554,1558780,0,0,,,,
1416381293.46939,information_schema,sql_languages,0,0,,,0,0,0,0,0,0,0,0,,,0,0,0,0
1416381293.46939,pg_catalog,pg_foreign_table,0,0,0,0,0,0,0,0,0,0,0,0,0,0,,,,
1416381293.46939,pg_catalog,pg_extension,0,0,0,0,0,0,0,0,0,0,0,0,0,0,,,,
1416381293.46939,pg_catalog,pg_ts_config,0,0,0,0,0,0,0,0,0,0,0,0,0,0,,,,
1416381293.46939,pg_catalog,pg_shdescription,0,0,0,0,0,0,0,0,0,0,0,0,0,0,0,0,0,0
1416381293.46939,public,time_statistics,0,0,,,1,0,0,0,1,0,1,0,,,,,,
1416381293.46939,pg_catalog,pg_cast,0,0,569811,134811,0,0,0,0,0,0,780,134031,479,585543,,,,
1416381293.46939,pg_catalog,pg_amop,0,0,152274,222169,0,0,0,0,0,0,1154,221015,2515,321904,,,,
1416381293.46939,pg_catalog,pg_user_mapping,0,0,0,0,0,0,0,0,0,0,0,0,0,0,,,,
1416381293.46939,pg_toast,pg_toast_12315,0,0,0,0,0,0,0,0,0,0,0,0,0,0,,,,
1416381293.46939,pg_catalog,pg_type,0,0,402740,398812,1034,0,1034,0,360,37,2637,400753,3908,827491,,,,
1416381293.46939,pg_catalog,pg_largeobject,0,0,0,0,0,0,0,0,0,0,0,0,0,0,,,,
1416381293.46939,information_schema,sql_parts,0,0,,,0,0,0,0,0,0,0,0,,,0,0,0,0
1416381293.46939,pg_catalog,pg_ts_config_map,0,0,0,0,0,0,0,0,0,0,0,0,0,0,,,,
1416381293.46939,pg_catalog,pg_largeobject_metadata,0,0,0,0,0,0,0,0,0,0,0,0,0,0,,,,
1416381293.46939,pg_catalog,pg_am,17521,17521,0,0,0,0,0,0,0,0,255,17266,0,0,,,,
1416381293.46939,pg_catalog,pg_ts_template,0,0,0,0,0,0,0,0,0,0,0,0,0,0,,,,
1416381293.46939,pg_catalog,pg_foreign_server,0,0,0,0,0,0,0,0,0,0,0,0,0,0,,,,
1416381293.46939,pg_catalog,pg_namespace,646,54484,89404,72743,2,0,0,0,2,0,381,73657,1124,106127,,,,
1416381293.46939,pg_toast,pg_toast_2619,0,0,71748,239496,2498,0,2302,0,219,12,23103,93451,976,99518,,,,
1416381293.46939,pg_catalog,pg_authid,363,363,33535,33535,0,0,0,0,0,0,219,33679,1008,66062,,,,
1416381293.46939,pg_catalog,pg_default_acl,0,0,2084,0,0,0,0,0,0,0,0,0,219,1865,,,,
1416381293.46939,pg_catalog,pg_shdepend,0,0,2807,523,0,0,0,0,0,0,236,287,884,2965,,,,
1416381293.46939,pg_catalog,pg_constraint,0,0,128,64,64,0,64,0,10,24,35,361,64,644,0,0,0,0
1416381293.46939,information_schema,sql_implementation_info,0,0,,,0,0,0,0,0,0,0,0,,,0,0,0,0
1416381293.46939,pg_catalog,pg_index,2356,208925,189974,269679,369,0,371,0,141,63,2321,271530,1260,217243,,,,
1416381293.46939,pg_catalog,pg_ts_dict,0,0,0,0,0,0,0,0,0,0,0,0,0,0,,,,
1416381293.46939,pg_toast,pg_toast_2604,0,0,0,0,0,0,0,0,0,0,0,0,0,0,,,,
1416381293.46939,pg_toast,pg_toast_12325,0,0,0,0,0,0,0,0,0,0,0,0,0,0,,,,
1416381293.46939,information_schema,sql_sizing,0,0,,,0,0,0,0,0,0,0,0,,,0,0,0,0
1416381293.46939,pg_catalog,pg_proc,0,0,148355,219866,0,0,0,0,0,0,12819,146928,6279,322492,0,0,0,0
1416381353.47337,pg_catalog,pg_attrdef,0,0,0,0,0,0,0,0,0,0,0,0,0,0,0,0,0,0
1416381353.47337,pg_catalog,pg_db_role_setting,0,0,70516,0,0,0,0,0,0,0,0,0,219,70297,0,0,0,0
1416381353.47337,pg_catalog,pg_rowsecurity,0,0,0,0,0,0,0,0,0,0,0,0,0,0,,,,
1416381353.47337,pg_catalog,pg_description,0,0,2284,0,0,0,0,0,0,0,0,0,612,4477,0,0,0,0
1416381353.47337,pg_catalog,pg_foreign_data_wrapper,0,0,0,0,0,0,0,0,0,0,0,0,0,0,,,,
1416381353.47337,pg_catalog,pg_conversion,0,0,0,0,0,0,0,0,0,0,0,0,0,0,,,,
1416381353.47337,public,customer,6,9000000,0,0,1500000,0,0,0,1500000,0,68533,294857,0,0,,,,
1416381353.47337,pg_catalog,pg_class,5065,1077505,409812,372829,892,294,892,285,337,0,5338,426085,3780,857519,,,,
1416381353.47337,public,partsupp,3,24000000,0,0,8000000,0,0,0,8000000,0,340611,954509,0,0,,,,
1416381353.47337,pg_catalog,pg_opfamily,0,0,0,0,0,0,0,0,0,0,0,0,0,0,,,,
1416381353.47337,pg_catalog,pg_auth_members,0,0,0,0,0,0,0,0,0,0,0,0,0,0,,,,
1416381353.47337,pg_catalog,pg_operator,0,0,130853,690918,0,0,0,0,0,0,3706,477476,3227,283458,,,,
1416381353.47337,pg_toast,pg_toast_12345,0,0,0,0,0,0,0,0,0,0,0,0,0,0,,,,
1416381353.47337,pg_catalog,pg_attribute,1375,9375,339293,768190,3188,80,3188,80,2514,10,13063,375271,3114,708668,,,,
1416381353.47337,pg_catalog,pg_tablespace,0,0,12007,12007,0,0,0,0,0,0,353,11654,728,23330,,,,
1416381353.47337,pg_catalog,pg_statistic,0,0,95071,91911,656,2051,675,1930,448,70,9583,88404,1090,202921,23103,93454,976,99527
1416381353.47337,public,part,6,12000000,0,0,2000000,0,0,0,2000000,0,79007,327715,0,0,,,,
1416381353.47337,pg_catalog,pg_aggregate,0,0,9126,9126,0,0,0,0,0,0,678,8448,1535,14362,,,,
1416381353.47337,pg_catalog,pg_inherits,0,0,521,0,0,0,0,0,0,0,0,0,212,309,,,,
1416381353.47337,pg_catalog,pg_enum,0,0,0,0,0,0,0,0,0,0,0,0,0,0,,,,
1416381353.47337,pg_toast,pg_toast_2396,0,0,0,0,0,0,0,0,0,0,0,0,0,0,,,,
1416381353.47337,pg_catalog,pg_pltemplate,0,0,0,0,0,0,0,0,0,0,0,0,0,0,,,,
1416381353.47337,pg_toast,pg_toast_2618,0,0,1555,4966,0,0,0,0,0,0,891,1010,268,2238,,,,
1416381353.47337,pg_toast,pg_toast_3596,0,0,0,0,0,0,0,0,0,0,0,0,0,0,,,,
1416381353.47337,pg_toast,pg_toast_2606,0,0,0,0,0,0,0,0,0,0,0,0,0,0,,,,
1416381353.47337,pg_toast,pg_toast_2964,0,0,0,0,0,0,0,0,0,0,0,0,0,0,,,,
1416381353.47337,pg_toast,pg_toast_12330,0,0,0,0,0,0,0,0,0,0,0,0,0,0,,,,
1416381353.47337,pg_catalog,pg_database,1246,4798,57227,57227,0,0,0,0,0,0,168,58305,981,91473,,,,
1416381353.47337,public,lineitem,9,539874468,0,0,59986052,0,0,0,59986052,0,8137244,4825074,0,0,,,,
1416381353.47337,information_schema,sql_sizing_profiles,0,0,,,0,0,0,0,0,0,0,0,,,0,0,0,0
1416381353.47337,public,supplier,4,400000,0,0,100000,0,0,0,100000,0,2312,15648,0,0,,,,
1416381353.47337,pg_toast,pg_toast_2620,0,0,0,0,0,0,0,0,0,0,0,0,0,0,,,,
1416381353.47337,pg_catalog,pg_depend,0,0,21515,23136,3954,0,3954,0,6685,1321,3869,27664,5389,55864,,,,
1416381353.47337,public,nation,2,50,0,0,25,0,0,0,25,0,1,3,0,0,,,,
1416381353.47337,pg_catalog,pg_language,0,0,0,0,0,0,0,0,0,0,0,0,0,0,,,,
1416381353.47337,pg_toast,pg_toast_12320,0,0,0,0,0,0,0,0,0,0,0,0,0,0,,,,
1416381353.47337,pg_catalog,pg_amproc,250,500,74445,117292,0,0,0,0,0,0,353,73179,682,165367,,,,
1416381353.47337,pg_catalog,pg_collation,0,0,0,0,0,0,0,0,0,0,0,0,0,0,,,,
1416381353.47337,pg_catalog,pg_range,0,0,4123,0,0,0,0,0,0,0,0,0,1594,6652,,,,
1416381353.47337,pg_toast,pg_toast_2609,0,0,0,0,0,0,0,0,0,0,0,0,0,0,,,,
1416381353.47337,pg_catalog,pg_opclass,250,250,102581,1150517,0,0,0,0,0,0,829,457154,1661,125144,,,,
1416381353.47337,information_schema,sql_packages,0,0,,,0,0,0,0,0,0,0,0,,,0,0,0,0
1416381353.47337,pg_catalog,pg_rewrite,0,0,3923,3041,294,0,294,0,110,35,1953,3559,923,5769,891,1010,536,4476
1416381353.47337,pg_toast,pg_toast_1255,0,0,0,0,0,0,0,0,0,0,0,0,0,0,,,,
1416381353.47337,pg_catalog,pg_seclabel,0,0,2284,0,0,0,0,0,0,0,0,0,200,2084,0,0,0,0
1416381353.47337,pg_toast,pg_toast_12335,0,0,0,0,0,0,0,0,0,0,0,0,0,0,,,,
1416381353.47337,pg_catalog,pg_ts_parser,0,0,0,0,0,0,0,0,0,0,0,0,0,0,,,,
1416381353.47337,pg_catalog,pg_trigger,0,0,0,0,0,0,0,0,0,0,0,0,0,0,0,0,0,0
1416381353.47337,public,region,2,10,0,0,5,0,0,0,5,0,1,3,0,0,,,,
1416381353.47337,pg_toast,pg_toast_12340,0,0,0,0,0,0,0,0,0,0,0,0,0,0,,,,
1416381353.47337,pg_catalog,pg_shseclabel,0,0,0,0,0,0,0,0,0,0,0,0,0,0,,,,
1416381353.47337,pg_catalog,pg_event_trigger,0,0,825,0,0,0,0,0,0,0,0,0,236,589,,,,
1416381353.47337,information_schema,sql_features,0,0,,,0,0,0,0,0,0,0,0,,,0,0,0,0
1416381353.47337,public,orders,4,60000000,0,0,15000000,0,0,0,15000000,0,504554,1558780,0,0,,,,
1416381353.47337,information_schema,sql_languages,0,0,,,0,0,0,0,0,0,0,0,,,0,0,0,0
1416381353.47337,pg_catalog,pg_foreign_table,0,0,0,0,0,0,0,0,0,0,0,0,0,0,,,,
1416381353.47337,pg_catalog,pg_extension,0,0,0,0,0,0,0,0,0,0,0,0,0,0,,,,
1416381353.47337,pg_catalog,pg_ts_config,0,0,0,0,0,0,0,0,0,0,0,0,0,0,,,,
1416381353.47337,pg_catalog,pg_shdescription,0,0,0,0,0,0,0,0,0,0,0,0,0,0,0,0,0,0
1416381353.47337,public,time_statistics,0,0,,,1,0,0,0,1,0,1,0,,,,,,
1416381353.47337,pg_catalog,pg_cast,0,0,569927,134858,0,0,0,0,0,0,780,134078,479,585667,,,,
1416381353.47337,pg_catalog,pg_amop,0,0,152313,222218,0,0,0,0,0,0,1154,221064,2515,321992,,,,
1416381353.47337,pg_catalog,pg_user_mapping,0,0,0,0,0,0,0,0,0,0,0,0,0,0,,,,
1416381353.47337,pg_toast,pg_toast_12315,0,0,0,0,0,0,0,0,0,0,0,0,0,0,,,,
1416381353.47337,pg_catalog,pg_type,0,0,402852,398924,1034,0,1034,0,360,37,2637,400865,3908,827723,,,,
1416381353.47337,pg_catalog,pg_largeobject,0,0,0,0,0,0,0,0,0,0,0,0,0,0,,,,
1416381353.47337,information_schema,sql_parts,0,0,,,0,0,0,0,0,0,0,0,,,0,0,0,0
1416381353.47337,pg_catalog,pg_ts_config_map,0,0,0,0,0,0,0,0,0,0,0,0,0,0,,,,
1416381353.47337,pg_catalog,pg_largeobject_metadata,0,0,0,0,0,0,0,0,0,0,0,0,0,0,,,,
1416381353.47337,pg_catalog,pg_am,17530,17530,0,0,0,0,0,0,0,0,255,17275,0,0,,,,
1416381353.47337,pg_catalog,pg_ts_template,0,0,0,0,0,0,0,0,0,0,0,0,0,0,,,,
1416381353.47337,pg_catalog,pg_foreign_server,0,0,0,0,0,0,0,0,0,0,0,0,0,0,,,,
1416381353.47337,pg_catalog,pg_namespace,648,54656,89568,72899,2,0,0,0,2,0,381,73817,1124,106302,,,,
1416381353.47337,pg_toast,pg_toast_2619,0,0,71751,239502,2498,0,2302,0,219,12,23103,93454,976,99527,,,,
1416381353.47337,pg_catalog,pg_authid,364,364,33545,33545,0,0,0,0,0,0,219,33690,1008,66082,,,,
1416381353.47337,pg_catalog,pg_default_acl,0,0,2084,0,0,0,0,0,0,0,0,0,219,1865,,,,
1416381353.47337,pg_catalog,pg_shdepend,0,0,2807,523,0,0,0,0,0,0,236,287,884,2965,,,,
1416381353.47337,pg_catalog,pg_constraint,0,0,128,64,64,0,64,0,10,24,35,361,64,644,0,0,0,0
1416381353.47337,information_schema,sql_implementation_info,0,0,,,0,0,0,0,0,0,0,0,,,0,0,0,0
1416381353.47337,pg_catalog,pg_index,2361,209630,190042,269772,371,0,371,0,143,63,2321,271641,1260,217330,,,,
1416381353.47337,pg_catalog,pg_ts_dict,0,0,0,0,0,0,0,0,0,0,0,0,0,0,,,,
1416381353.47337,pg_toast,pg_toast_2604,0,0,0,0,0,0,0,0,0,0,0,0,0,0,,,,
1416381353.47337,pg_toast,pg_toast_12325,0,0,0,0,0,0,0,0,0,0,0,0,0,0,,,,
1416381353.47337,information_schema,sql_sizing,0,0,,,0,0,0,0,0,0,0,0,,,0,0,0,0
1416381353.47337,pg_catalog,pg_proc,0,0,148439,219992,0,0,0,0,0,0,12819,147036,6279,322672,0,0,0,0
